2026-04-10 16:06:35,373 [INFO] db: Database initialised at C:\Users\Administrator\Desktop\mm_dashboard\data\mm_dashboard.db
2026-04-10 16:06:35,373 [INFO] run: Database initialised.
2026-04-10 16:06:37,021 [INFO] db: Database initialised at C:\Users\Administrator\Desktop\mm_dashboard\data\mm_dashboard.db
2026-04-10 16:06:37,090 [INFO] seeds_loader: Loaded 10 holidays for FY 2025-26
2026-04-10 16:06:37,091 [INFO] run: Seeded 10 holidays from holidays_2025-26.yaml
2026-04-10 16:06:39,670 [INFO] run: Running pipeline: 2026-02-09 to 2026-08-08
2026-04-10 16:06:39,716 [INFO] db: Database initialised at C:\Users\Administrator\Desktop\mm_dashboard\data\mm_dashboard.db
2026-04-10 16:06:39,761 [INFO] calendar_utils: Holiday calendar loaded: 10 public holidays
2026-04-10 16:06:39,762 [INFO] engines.pipeline: Loaded 10 holidays from DB
2026-04-10 16:06:43,267 [INFO] fetchers.http_client: Fetched https://gsom.bb.org.bd/mtm.php (312330 bytes)
2026-04-10 16:06:43,489 [INFO] parsers.securities: Parsed 226 rows from https://gsom.bb.org.bd/mtm.php
2026-04-10 16:06:45,026 [INFO] fetchers.http_client: Fetched https://gsom.bb.org.bd/mtm-frtb.php (19935 bytes)
2026-04-10 16:06:45,041 [INFO] parsers.securities: Parsed 8 rows from https://gsom.bb.org.bd/mtm-frtb.php
2026-04-10 16:06:46,252 [INFO] fetchers.http_client: Fetched https://gsom.bb.org.bd/mtm-bill.php (96032 bytes)
2026-04-10 16:06:46,366 [INFO] parsers.securities: Parsed 86 T-Bill rows from https://gsom.bb.org.bd/mtm-bill.php
2026-04-10 16:06:46,648 [INFO] engines.pipeline: Upserted 320 securities
2026-04-10 16:06:46,653 [INFO] engines.inflow: ISIN BD0926341159: generated 31 coupon events (HFLY)
2026-04-10 16:06:46,694 [INFO] engines.inflow: ISIN BD0926421027: generated 5 coupon events (HFLY)
2026-04-10 16:06:46,701 [INFO] engines.inflow: ISIN BD0926381155: generated 31 coupon events (HFLY)
2026-04-10 16:06:46,748 [INFO] engines.inflow: ISIN BD0926461023: generated 5 coupon events (HFLY)
2026-04-10 16:06:46,756 [INFO] engines.inflow: ISIN BD0926421159: generated 31 coupon events (HFLY)
2026-04-10 16:06:46,804 [INFO] engines.inflow: ISIN BD0926431059: generated 11 coupon events (HFLY)
2026-04-10 16:06:46,818 [INFO] engines.inflow: ISIN BD0926021108: generated 21 coupon events (HFLY)
2026-04-10 16:06:46,840 [INFO] engines.inflow: ISIN BD0926061021: generated 5 coupon events (HFLY)
2026-04-10 16:06:46,849 [INFO] engines.inflow: ISIN BD0926071152: generated 31 coupon events (HFLY)
2026-04-10 16:06:46,885 [INFO] engines.inflow: ISIN BD0926541055: generated 11 coupon events (HFLY)
2026-04-10 16:06:46,901 [INFO] engines.inflow: ISIN BD0926111156: generated 31 coupon events (HFLY)
2026-04-10 16:06:46,947 [INFO] engines.inflow: ISIN BD0926141021: generated 5 coupon events (HFLY)
2026-04-10 16:06:46,953 [INFO] engines.inflow: ISIN BD0926151152: generated 31 coupon events (HFLY)
2026-04-10 16:06:46,990 [INFO] engines.inflow: ISIN BD0926191026: generated 5 coupon events (HFLY)
2026-04-10 16:06:46,998 [INFO] engines.inflow: ISIN BD0926601057: generated 11 coupon events (HFLY)
2026-04-10 16:06:47,020 [INFO] engines.inflow: ISIN BD0926191158: generated 31 coupon events (HFLY)
2026-04-10 16:06:47,055 [INFO] engines.inflow: ISIN BD0926231152: generated 31 coupon events (HFLY)
2026-04-10 16:06:47,094 [INFO] engines.inflow: ISIN BD0927271025: generated 5 coupon events (HFLY)
2026-04-10 16:06:47,103 [INFO] engines.inflow: ISIN BD0927271157: generated 31 coupon events (HFLY)
2026-04-10 16:06:47,143 [INFO] engines.inflow: ISIN BD0927251100: generated 21 coupon events (HFLY)
2026-04-10 16:06:47,161 [INFO] engines.inflow: ISIN BD0927311029: generated 5 coupon events (HFLY)
2026-04-10 16:06:47,169 [INFO] engines.inflow: ISIN BD0927311151: generated 31 coupon events (HFLY)
2026-04-10 16:06:47,204 [INFO] engines.inflow: ISIN BD0927351025: generated 5 coupon events (HFLY)
2026-04-10 16:06:47,215 [INFO] engines.inflow: ISIN BD0927761058: generated 11 coupon events (HFLY)
2026-04-10 16:06:47,234 [INFO] engines.inflow: ISIN BD0927351157: generated 31 coupon events (HFLY)
2026-04-10 16:06:47,269 [INFO] engines.inflow: ISIN BD0927391021: generated 5 coupon events (HFLY)
2026-04-10 16:06:47,278 [INFO] engines.inflow: ISIN BD0927391153: generated 31 coupon events (HFLY)
2026-04-10 16:06:47,308 [INFO] engines.inflow: ISIN BD0927431025: generated 5 coupon events (HFLY)
2026-04-10 16:06:47,318 [INFO] engines.inflow: ISIN BD0927841058: generated 11 coupon events (HFLY)
2026-04-10 16:06:47,333 [INFO] engines.inflow: ISIN BD0927431157: generated 31 coupon events (HFLY)
2026-04-10 16:06:47,406 [INFO] engines.inflow: ISIN BD0927471021: generated 5 coupon events (HFLY)
2026-04-10 16:06:47,415 [INFO] engines.inflow: ISIN BD0927471153: generated 31 coupon events (HFLY)
2026-04-10 16:06:47,452 [INFO] engines.inflow: ISIN BD0927011025: generated 5 coupon events (HFLY)
2026-04-10 16:06:47,462 [INFO] engines.inflow: ISIN BD0927021057: generated 11 coupon events (HFLY)
2026-04-10 16:06:47,480 [INFO] engines.inflow: ISIN BD0927031155: generated 31 coupon events (HFLY)
2026-04-10 16:06:47,517 [INFO] engines.inflow: ISIN BD0927041204: generated 41 coupon events (HFLY)
2026-04-10 16:06:47,552 [INFO] engines.inflow: ISIN BD0927081200: generated 40 coupon events (HFLY)
2026-04-10 16:06:47,584 [INFO] engines.inflow: ISIN BD0927091027: generated 5 coupon events (HFLY)
2026-04-10 16:06:47,590 [INFO] engines.inflow: ISIN BD0927111155: generated 31 coupon events (HFLY)
2026-04-10 16:06:47,621 [INFO] engines.inflow: ISIN BD0927121204: generated 41 coupon events (HFLY)
2026-04-10 16:06:47,666 [INFO] engines.inflow: ISIN BD0927151151: generated 31 coupon events (HFLY)
2026-04-10 16:06:47,717 [INFO] engines.inflow: ISIN BD0927101107: generated 21 coupon events (HFLY)
2026-04-10 16:06:47,743 [INFO] engines.inflow: ISIN BD0927161200: generated 41 coupon events (HFLY)
2026-04-10 16:06:47,785 [INFO] engines.inflow: ISIN BD0927171027: generated 5 coupon events (HFLY)
2026-04-10 16:06:47,792 [INFO] engines.inflow: ISIN BD0927181059: generated 11 coupon events (HFLY)
2026-04-10 16:06:47,811 [INFO] engines.inflow: ISIN BD0927191157: generated 31 coupon events (HFLY)
2026-04-10 16:06:47,838 [INFO] engines.inflow: ISIN BD0927201204: generated 41 coupon events (HFLY)
2026-04-10 16:06:47,887 [INFO] engines.inflow: ISIN BD0927231151: generated 31 coupon events (HFLY)
2026-04-10 16:06:47,914 [INFO] engines.inflow: ISIN BD0927241200: generated 41 coupon events (HFLY)
2026-04-10 16:06:47,956 [INFO] engines.inflow: ISIN BD0928261058: generated 11 coupon events (HFLY)
2026-04-10 16:06:47,972 [INFO] engines.inflow: ISIN BD0928271156: generated 31 coupon events (HFLY)
2026-04-10 16:06:48,011 [INFO] engines.inflow: ISIN BD0928281205: generated 41 coupon events (HFLY)
2026-04-10 16:06:48,055 [INFO] engines.inflow: ISIN BD0928311150: generated 31 coupon events (HFLY)
2026-04-10 16:06:48,101 [INFO] engines.inflow: ISIN BD0928321209: generated 41 coupon events (HFLY)
2026-04-10 16:06:48,143 [INFO] engines.inflow: ISIN BD0928351156: generated 31 coupon events (HFLY)
2026-04-10 16:06:48,177 [INFO] engines.inflow: ISIN BD0928361205: generated 41 coupon events (HFLY)
2026-04-10 16:06:48,232 [INFO] engines.inflow: ISIN BD0928381054: generated 11 coupon events (HFLY)
2026-04-10 16:06:48,241 [INFO] engines.inflow: ISIN BD0928391152: generated 31 coupon events (HFLY)
2026-04-10 16:06:48,269 [INFO] engines.inflow: ISIN BD0928401209: generated 41 coupon events (HFLY)
2026-04-10 16:06:48,304 [INFO] engines.inflow: ISIN BD0928431156: generated 31 coupon events (HFLY)
2026-04-10 16:06:48,332 [INFO] engines.inflow: ISIN BD0928441205: generated 41 coupon events (HFLY)
2026-04-10 16:06:48,376 [INFO] engines.inflow: ISIN BD0928461054: generated 11 coupon events (HFLY)
2026-04-10 16:06:48,391 [INFO] engines.inflow: ISIN BD0928471152: generated 31 coupon events (HFLY)
2026-04-10 16:06:48,435 [INFO] engines.inflow: ISIN BD0928331109: generated 21 coupon events (HFLY)
2026-04-10 16:06:48,454 [INFO] engines.inflow: ISIN BD0928481201: generated 41 coupon events (HFLY)
2026-04-10 16:06:48,493 [INFO] engines.inflow: ISIN BD0928041203: generated 41 coupon events (HFLY)
2026-04-10 16:06:48,528 [INFO] engines.inflow: ISIN BD0928041153: generated 31 coupon events (HFLY)
2026-04-10 16:06:48,564 [INFO] engines.inflow: ISIN BD0928061052: generated 11 coupon events (HFLY)
2026-04-10 16:06:48,578 [INFO] engines.inflow: ISIN BD0928081209: generated 41 coupon events (HFLY)
2026-04-10 16:06:48,620 [INFO] engines.inflow: ISIN BD0928081159: generated 30 coupon events (HFLY)
2026-04-10 16:06:48,643 [INFO] engines.inflow: ISIN BD0928101056: generated 11 coupon events (HFLY)
2026-04-10 16:06:48,656 [INFO] engines.inflow: ISIN BD0928121203: generated 41 coupon events (HFLY)
2026-04-10 16:06:48,696 [INFO] engines.inflow: ISIN BD0928121153: generated 31 coupon events (HFLY)
2026-04-10 16:06:48,724 [INFO] engines.inflow: ISIN BD0928161159: generated 31 coupon events (HFLY)
2026-04-10 16:06:48,769 [INFO] engines.inflow: ISIN BD0928161209: generated 41 coupon events (HFLY)
2026-04-10 16:06:48,829 [INFO] engines.inflow: ISIN BD0928181058: generated 11 coupon events (HFLY)
2026-04-10 16:06:48,839 [INFO] engines.inflow: ISIN BD0928131103: generated 21 coupon events (HFLY)
2026-04-10 16:06:48,862 [INFO] engines.inflow: ISIN BD0928201203: generated 41 coupon events (HFLY)
2026-04-10 16:06:48,902 [INFO] engines.inflow: ISIN BD0928201153: generated 31 coupon events (HFLY)
2026-04-10 16:06:48,930 [INFO] engines.inflow: ISIN BD0928221052: generated 11 coupon events (HFLY)
2026-04-10 16:06:48,945 [INFO] engines.inflow: ISIN BD0928241209: generated 41 coupon events (HFLY)
2026-04-10 16:06:48,989 [INFO] engines.inflow: ISIN BD0928241159: generated 31 coupon events (HFLY)
2026-04-10 16:06:49,030 [INFO] engines.inflow: ISIN BD0929281204: generated 41 coupon events (HFLY)
2026-04-10 16:06:49,064 [INFO] engines.inflow: ISIN BD0929281154: generated 31 coupon events (HFLY)
2026-04-10 16:06:49,109 [INFO] engines.inflow: ISIN BD0929321208: generated 41 coupon events (HFLY)
2026-04-10 16:06:49,156 [INFO] engines.inflow: ISIN BD0929321158: generated 31 coupon events (HFLY)
2026-04-10 16:06:49,195 [INFO] engines.inflow: ISIN BD0929361204: generated 41 coupon events (HFLY)
2026-04-10 16:06:49,228 [INFO] engines.inflow: ISIN BD0929361154: generated 31 coupon events (HFLY)
2026-04-10 16:06:49,260 [INFO] engines.inflow: ISIN BD0929401059: generated 11 coupon events (HFLY)
2026-04-10 16:06:49,281 [INFO] engines.inflow: ISIN BD0929311100: generated 21 coupon events (HFLY)
2026-04-10 16:06:49,301 [INFO] engines.inflow: ISIN BD0929401158: generated 31 coupon events (HFLY)
2026-04-10 16:06:49,334 [INFO] engines.inflow: ISIN BD0929401208: generated 41 coupon events (HFLY)
2026-04-10 16:06:49,372 [INFO] engines.inflow: ISIN BD0929431056: generated 11 coupon events (HFLY)
2026-04-10 16:06:49,393 [INFO] engines.inflow: ISIN BD0929441204: generated 41 coupon events (HFLY)
2026-04-10 16:06:49,447 [INFO] engines.inflow: ISIN BD0929441154: generated 31 coupon events (HFLY)
2026-04-10 16:06:49,482 [INFO] engines.inflow: ISIN BD0929381103: generated 21 coupon events (HFLY)
2026-04-10 16:06:49,502 [INFO] engines.inflow: ISIN BD0929481200: generated 41 coupon events (HFLY)
2026-04-10 16:06:49,544 [INFO] engines.inflow: ISIN BD0929481150: generated 31 coupon events (HFLY)
2026-04-10 16:06:49,573 [INFO] engines.inflow: ISIN BD0929041152: generated 31 coupon events (HFLY)
2026-04-10 16:06:49,613 [INFO] engines.inflow: ISIN BD0929041202: generated 41 coupon events (HFLY)
2026-04-10 16:06:49,662 [INFO] engines.inflow: ISIN BD0929061101: generated 21 coupon events (HFLY)
2026-04-10 16:06:49,691 [INFO] engines.inflow: ISIN BD0929081208: generated 41 coupon events (HFLY)
2026-04-10 16:06:49,723 [INFO] engines.inflow: ISIN BD0929081158: generated 31 coupon events (HFLY)
2026-04-10 16:06:49,751 [INFO] engines.inflow: ISIN BD0929121152: generated 31 coupon events (HFLY)
2026-04-10 16:06:49,778 [INFO] engines.inflow: ISIN BD0929151050: generated 11 coupon events (HFLY)
2026-04-10 16:06:49,796 [INFO] engines.inflow: ISIN BD0929161208: generated 41 coupon events (HFLY)
2026-04-10 16:06:49,842 [INFO] engines.inflow: ISIN BD0929161158: generated 31 coupon events (HFLY)
2026-04-10 16:06:49,886 [INFO] engines.inflow: ISIN BD0929201152: generated 31 coupon events (HFLY)
2026-04-10 16:06:49,921 [INFO] engines.inflow: ISIN BD0929241059: generated 11 coupon events (HFLY)
2026-04-10 16:06:49,939 [INFO] engines.inflow: ISIN BD0929221101: generated 21 coupon events (HFLY)
2026-04-10 16:06:49,964 [INFO] engines.inflow: ISIN BD0929201202: generated 41 coupon events (HFLY)
2026-04-10 16:06:50,009 [INFO] engines.inflow: ISIN BD0930261104: generated 21 coupon events (HFLY)
2026-04-10 16:06:50,041 [INFO] engines.inflow: ISIN BD0930321056: generated 11 coupon events (HFLY)
2026-04-10 16:06:50,056 [INFO] engines.inflow: ISIN BD0930251204: generated 41 coupon events (HFLY)
2026-04-10 16:06:50,094 [INFO] engines.inflow: ISIN BD0930281201: generated 41 coupon events (HFLY)
2026-04-10 16:06:50,137 [INFO] engines.inflow: ISIN BD0930401056: generated 11 coupon events (HFLY)
2026-04-10 16:06:50,147 [INFO] engines.inflow: ISIN BD0930321205: generated 41 coupon events (HFLY)
2026-04-10 16:06:50,192 [INFO] engines.inflow: ISIN BD0930381100: generated 21 coupon events (HFLY)
2026-04-10 16:06:50,217 [INFO] engines.inflow: ISIN BD0930361201: generated 41 coupon events (HFLY)
2026-04-10 16:06:50,257 [INFO] engines.inflow: ISIN BD0930431103: generated 21 coupon events (HFLY)
2026-04-10 16:06:50,286 [INFO] engines.inflow: ISIN BD0930481058: generated 11 coupon events (HFLY)
2026-04-10 16:06:50,303 [INFO] engines.inflow: ISIN BD0930401205: generated 41 coupon events (HFLY)
2026-04-10 16:06:50,353 [INFO] engines.inflow: ISIN BD0930031101: generated 21 coupon events (HFLY)
2026-04-10 16:06:50,385 [INFO] engines.inflow: ISIN BD0930041209: generated 41 coupon events (HFLY)
2026-04-10 16:06:50,447 [INFO] engines.inflow: ISIN BD0930041159: generated 31 coupon events (HFLY)
2026-04-10 16:06:50,509 [INFO] engines.inflow: ISIN BD0930081205: generated 41 coupon events (HFLY)
2026-04-10 16:06:50,547 [INFO] engines.inflow: ISIN BD0930101052: generated 11 coupon events (HFLY)
2026-04-10 16:06:50,558 [INFO] engines.inflow: ISIN BD0930121159: generated 31 coupon events (HFLY)
2026-04-10 16:06:50,609 [INFO] engines.inflow: ISIN BD0930121209: generated 41 coupon events (HFLY)
2026-04-10 16:06:50,657 [INFO] engines.inflow: ISIN BD0930141108: generated 21 coupon events (HFLY)
2026-04-10 16:06:50,681 [INFO] engines.inflow: ISIN BD0930161205: generated 41 coupon events (HFLY)
2026-04-10 16:06:50,725 [INFO] engines.inflow: ISIN BD0930201209: generated 41 coupon events (HFLY)
2026-04-10 16:06:50,777 [INFO] engines.inflow: ISIN BD0930211059: generated 11 coupon events (HFLY)
2026-04-10 16:06:50,789 [INFO] engines.inflow: ISIN BD0930241205: generated 41 coupon events (HFLY)
2026-04-10 16:06:50,832 [INFO] engines.inflow: ISIN BD0931281200: generated 41 coupon events (HFLY)
2026-04-10 16:06:50,890 [INFO] engines.inflow: ISIN BD0931301107: generated 21 coupon events (HFLY)
2026-04-10 16:06:50,909 [INFO] engines.inflow: ISIN BD0931321204: generated 41 coupon events (HFLY)
2026-04-10 16:06:50,949 [INFO] engines.inflow: ISIN BD0931361200: generated 41 coupon events (HFLY)
2026-04-10 16:06:51,000 [INFO] engines.inflow: ISIN BD0931401204: generated 41 coupon events (HFLY)
2026-04-10 16:06:51,037 [INFO] engines.inflow: ISIN BD0931401154: generated 31 coupon events (HFLY)
2026-04-10 16:06:51,061 [INFO] engines.inflow: ISIN BD0931401105: generated 21 coupon events (HFLY)
2026-04-10 16:06:51,085 [INFO] engines.inflow: ISIN BD0931441200: generated 41 coupon events (HFLY)
2026-04-10 16:06:51,128 [INFO] engines.inflow: ISIN BD0931471207: generated 41 coupon events (HFLY)
2026-04-10 16:06:51,173 [INFO] engines.inflow: ISIN BD0931481107: generated 21 coupon events (HFLY)
2026-04-10 16:06:51,199 [INFO] engines.inflow: ISIN BD0931041208: generated 41 coupon events (HFLY)
2026-04-10 16:06:51,249 [INFO] engines.inflow: ISIN BD0931081204: generated 41 coupon events (HFLY)
2026-04-10 16:06:51,296 [INFO] engines.inflow: ISIN BD0931121208: generated 41 coupon events (HFLY)
2026-04-10 16:06:51,335 [INFO] engines.inflow: ISIN BD0931561106: generated 21 coupon events (HFLY)
2026-04-10 16:06:51,353 [INFO] engines.inflow: ISIN BD0931161204: generated 41 coupon events (HFLY)
2026-04-10 16:06:51,400 [INFO] engines.inflow: ISIN BD0931201208: generated 41 coupon events (HFLY)
2026-04-10 16:06:51,437 [INFO] engines.inflow: ISIN BD0931241204: generated 41 coupon events (HFLY)
2026-04-10 16:06:51,483 [INFO] engines.inflow: ISIN BD0932691100: generated 21 coupon events (HFLY)
2026-04-10 16:06:51,500 [INFO] engines.inflow: ISIN BD0932281209: generated 41 coupon events (HFLY)
2026-04-10 16:06:51,541 [INFO] engines.inflow: ISIN BD0932321203: generated 40 coupon events (HFLY)
2026-04-10 16:06:51,584 [INFO] engines.inflow: ISIN BD0932361209: generated 41 coupon events (HFLY)
2026-04-10 16:06:51,633 [INFO] engines.inflow: ISIN BD0932401203: generated 41 coupon events (HFLY)
2026-04-10 16:06:51,676 [INFO] engines.inflow: ISIN BD0932851100: generated 21 coupon events (HFLY)
2026-04-10 16:06:51,694 [INFO] engines.inflow: ISIN BD0932441209: generated 41 coupon events (HFLY)
2026-04-10 16:06:51,738 [INFO] engines.inflow: ISIN BD0932891106: generated 21 coupon events (HFLY)
2026-04-10 16:06:51,771 [INFO] engines.inflow: ISIN BD0932481205: generated 41 coupon events (HFLY)
2026-04-10 16:06:51,808 [INFO] engines.inflow: ISIN BD0932041207: generated 41 coupon events (HFLY)
2026-04-10 16:06:51,846 [INFO] engines.inflow: ISIN BD0932081203: generated 40 coupon events (HFLY)
2026-04-10 16:06:51,902 [INFO] engines.inflow: ISIN BD0932111109: generated 21 coupon events (HFLY)
2026-04-10 16:06:51,922 [INFO] engines.inflow: ISIN BD0932121207: generated 41 coupon events (HFLY)
2026-04-10 16:06:51,976 [INFO] engines.inflow: ISIN BD0932161203: generated 41 coupon events (HFLY)
2026-04-10 16:06:52,023 [INFO] engines.inflow: ISIN BD0932201207: generated 41 coupon events (HFLY)
2026-04-10 16:06:52,061 [INFO] engines.inflow: ISIN BD0932231105: generated 21 coupon events (HFLY)
2026-04-10 16:06:52,098 [INFO] engines.inflow: ISIN BD0932241203: generated 41 coupon events (HFLY)
2026-04-10 16:06:52,132 [INFO] engines.inflow: ISIN BD0933281208: generated 41 coupon events (HFLY)
2026-04-10 16:06:52,166 [INFO] engines.inflow: ISIN BD0933321202: generated 41 coupon events (HFLY)
2026-04-10 16:06:52,205 [INFO] engines.inflow: ISIN BD0933351100: generated 21 coupon events (HFLY)
2026-04-10 16:06:52,236 [INFO] engines.inflow: ISIN BD0933361208: generated 41 coupon events (HFLY)
2026-04-10 16:06:52,296 [INFO] engines.inflow: ISIN BD0933401202: generated 41 coupon events (HFLY)
2026-04-10 16:06:52,332 [INFO] engines.inflow: ISIN BD0933441208: generated 41 coupon events (HFLY)
2026-04-10 16:06:52,372 [INFO] engines.inflow: ISIN BD0933481204: generated 41 coupon events (HFLY)
2026-04-10 16:06:52,415 [INFO] engines.inflow: ISIN BD0933041206: generated 41 coupon events (HFLY)
2026-04-10 16:06:52,455 [INFO] engines.inflow: ISIN BD0933071104: generated 21 coupon events (HFLY)
2026-04-10 16:06:52,472 [INFO] engines.inflow: ISIN BD0933081202: generated 40 coupon events (HFLY)
2026-04-10 16:06:52,523 [INFO] engines.inflow: ISIN BD0933121206: generated 41 coupon events (HFLY)
2026-04-10 16:06:52,555 [INFO] engines.inflow: ISIN BD0933101158: generated 31 coupon events (HFLY)
2026-04-10 16:06:52,583 [INFO] engines.inflow: ISIN BD0933161202: generated 41 coupon events (HFLY)
2026-04-10 16:06:52,628 [INFO] engines.inflow: ISIN BD0933201206: generated 41 coupon events (HFLY)
2026-04-10 16:06:52,689 [INFO] engines.inflow: ISIN BD0933141154: generated 31 coupon events (HFLY)
2026-04-10 16:06:52,735 [INFO] engines.inflow: ISIN BD0933241202: generated 41 coupon events (HFLY)
2026-04-10 16:06:52,793 [INFO] engines.inflow: ISIN BD0934281207: generated 41 coupon events (HFLY)
2026-04-10 16:06:52,854 [INFO] engines.inflow: ISIN BD0934311103: generated 21 coupon events (HFLY)
2026-04-10 16:06:52,882 [INFO] engines.inflow: ISIN BD0934321201: generated 41 coupon events (HFLY)
2026-04-10 16:06:52,935 [INFO] engines.inflow: ISIN BD0934361207: generated 41 coupon events (HFLY)
2026-04-10 16:06:52,984 [INFO] engines.inflow: ISIN BD0934401102: generated 21 coupon events (HFLY)
2026-04-10 16:06:53,001 [INFO] engines.inflow: ISIN BD0934401201: generated 41 coupon events (HFLY)
2026-04-10 16:06:53,050 [INFO] engines.inflow: ISIN BD0934441207: generated 41 coupon events (HFLY)
2026-04-10 16:06:53,087 [INFO] engines.inflow: ISIN BD0934481104: generated 21 coupon events (HFLY)
2026-04-10 16:06:53,111 [INFO] engines.inflow: ISIN BD0934481203: generated 41 coupon events (HFLY)
2026-04-10 16:06:53,155 [INFO] engines.inflow: ISIN BD0934041205: generated 41 coupon events (HFLY)
2026-04-10 16:06:53,207 [INFO] engines.inflow: ISIN BD0934081201: generated 41 coupon events (HFLY)
2026-04-10 16:06:53,242 [INFO] engines.inflow: ISIN BD0934121205: generated 41 coupon events (HFLY)
2026-04-10 16:06:53,280 [INFO] engines.inflow: ISIN BD0934161201: generated 41 coupon events (HFLY)
2026-04-10 16:06:53,320 [INFO] engines.inflow: ISIN BD0934201205: generated 41 coupon events (HFLY)
2026-04-10 16:06:53,357 [INFO] engines.inflow: ISIN BD0935291106: generated 21 coupon events (HFLY)
2026-04-10 16:06:53,377 [INFO] engines.inflow: ISIN BD0935371106: generated 21 coupon events (HFLY)
2026-04-10 16:06:53,405 [INFO] engines.inflow: ISIN BD0935391153: generated 31 coupon events (HFLY)
2026-04-10 16:06:53,430 [INFO] engines.inflow: ISIN BD0935451106: generated 21 coupon events (HFLY)
2026-04-10 16:06:53,453 [INFO] engines.inflow: ISIN BD0935441156: generated 31 coupon events (HFLY)
2026-04-10 16:06:53,487 [INFO] engines.inflow: ISIN BD0935031106: generated 21 coupon events (HFLY)
2026-04-10 16:06:53,510 [INFO] engines.inflow: ISIN BD0935041204: generated 41 coupon events (HFLY)
2026-04-10 16:06:53,548 [INFO] engines.inflow: ISIN BD0935191108: generated 21 coupon events (HFLY)
2026-04-10 16:06:53,577 [INFO] engines.inflow: ISIN BD0935201204: generated 41 coupon events (HFLY)
2026-04-10 16:06:53,624 [INFO] engines.inflow: ISIN BD0936401209: generated 41 coupon events (HFLY)
2026-04-10 16:06:53,662 [INFO] engines.inflow: ISIN BD0936491150: generated 31 coupon events (HFLY)
2026-04-10 16:06:53,706 [INFO] engines.inflow: ISIN BD0937821157: generated 31 coupon events (HFLY)
2026-04-10 16:06:53,747 [INFO] engines.inflow: ISIN BD0937901157: generated 31 coupon events (HFLY)
2026-04-10 16:06:53,779 [INFO] engines.inflow: ISIN BD0938141209: generated 41 coupon events (HFLY)
2026-04-10 16:06:53,822 [INFO] engines.inflow: ISIN BD0939371151: generated 31 coupon events (HFLY)
2026-04-10 16:06:53,853 [INFO] engines.inflow: ISIN BD0939391209: generated 41 coupon events (HFLY)
2026-04-10 16:06:53,896 [INFO] engines.inflow: ISIN BD0940381157: generated 31 coupon events (HFLY)
2026-04-10 16:06:53,932 [INFO] engines.inflow: ISIN BD0940401203: generated 41 coupon events (HFLY)
2026-04-10 16:06:53,980 [INFO] engines.inflow: ISIN BD0940441209: generated 41 coupon events (HFLY)
2026-04-10 16:06:54,032 [INFO] engines.inflow: ISIN BD0940081153: generated 31 coupon events (HFLY)
2026-04-10 16:06:54,066 [INFO] engines.inflow: ISIN BD0941451207: generated 41 coupon events (HFLY)
2026-04-10 16:06:54,101 [INFO] engines.inflow: ISIN BD0942781206: generated 41 coupon events (HFLY)
2026-04-10 16:06:54,139 [INFO] engines.inflow: ISIN BD0942901200: generated 41 coupon events (HFLY)
2026-04-10 16:06:54,175 [INFO] engines.inflow: ISIN BD0942241201: generated 41 coupon events (HFLY)
2026-04-10 16:06:54,213 [INFO] engines.inflow: ISIN BD0943281206: generated 41 coupon events (HFLY)
2026-04-10 16:06:54,264 [INFO] engines.inflow: ISIN BD0944051202: generated 41 coupon events (HFLY)
2026-04-10 16:06:54,318 [INFO] engines.inflow: ISIN BD0945461202: generated 41 coupon events (HFLY)
2026-04-10 16:06:54,349 [INFO] engines.inflow: ISIN BD0945081208: generated 41 coupon events (HFLY)
2026-04-10 16:06:54,388 [INFO] engines.inflow: ISIN BD0927141038: generated 13 coupon events (QRTY)
2026-04-10 16:06:54,404 [INFO] engines.inflow: ISIN BD0927231037: generated 13 coupon events (QRTY)
2026-04-10 16:06:54,421 [INFO] engines.inflow: ISIN BD0928271032: generated 13 coupon events (QRTY)
2026-04-10 16:06:54,437 [INFO] engines.inflow: ISIN BD0928431032: generated 13 coupon events (QRTY)
2026-04-10 16:06:54,452 [INFO] engines.inflow: ISIN BD0928471038: generated 13 coupon events (QRTY)
2026-04-10 16:06:54,474 [INFO] engines.inflow: ISIN BD0928011032: generated 13 coupon events (QRTY)
2026-04-10 16:06:54,491 [INFO] engines.inflow: ISIN BD0928131038: generated 13 coupon events (QRTY)
2026-04-10 16:06:54,508 [INFO] engines.inflow: ISIN BD0929261032: generated 13 coupon events (QRTY)
2026-04-10 16:06:54,654 [INFO] fetchers.auction_parser: Auction HTML parse from C:\Users\Administrator\Desktop\mm_dashboard\data\seeds\auction_calendar.csv: 24 total rows | T-Bill: 15 | T-Bond: 8 | FRTB: 1
2026-04-10 16:06:54,654 [INFO] engines.outflow: AUCTION | T_BILL 91D  | auction_date=2026-04-05 | adjusted_outflow_date=2026-04-06 | roll=0d | reason: No adjustment needed
2026-04-10 16:06:54,655 [INFO] engines.outflow: AUCTION | T_BILL 182D | auction_date=2026-04-05 | adjusted_outflow_date=2026-04-06 | roll=0d | reason: No adjustment needed
2026-04-10 16:06:54,655 [INFO] engines.outflow: AUCTION | T_BILL 364D | auction_date=2026-04-05 | adjusted_outflow_date=2026-04-06 | roll=0d | reason: No adjustment needed
2026-04-10 16:06:54,655 [INFO] engines.outflow: AUCTION | T_BILL 91D  | auction_date=2026-04-12 | adjusted_outflow_date=2026-04-13 | roll=0d | reason: No adjustment needed
2026-04-10 16:06:54,655 [INFO] engines.outflow: AUCTION | T_BILL 182D | auction_date=2026-04-12 | adjusted_outflow_date=2026-04-13 | roll=0d | reason: No adjustment needed
2026-04-10 16:06:54,656 [INFO] engines.outflow: AUCTION | T_BILL 364D | auction_date=2026-04-12 | adjusted_outflow_date=2026-04-13 | roll=0d | reason: No adjustment needed
2026-04-10 16:06:54,656 [INFO] engines.outflow: AUCTION | T_BILL 91D  | auction_date=2026-04-19 | adjusted_outflow_date=2026-04-20 | roll=0d | reason: No adjustment needed
2026-04-10 16:06:54,656 [INFO] engines.outflow: AUCTION | T_BILL 182D | auction_date=2026-04-19 | adjusted_outflow_date=2026-04-20 | roll=0d | reason: No adjustment needed
2026-04-10 16:06:54,656 [INFO] engines.outflow: AUCTION | T_BILL 364D | auction_date=2026-04-19 | adjusted_outflow_date=2026-04-20 | roll=0d | reason: No adjustment needed
2026-04-10 16:06:54,657 [INFO] engines.outflow: AUCTION | T_BILL 91D  | auction_date=2026-04-26 | adjusted_outflow_date=2026-04-27 | roll=0d | reason: No adjustment needed
2026-04-10 16:06:54,657 [INFO] engines.outflow: AUCTION | T_BILL 182D | auction_date=2026-04-26 | adjusted_outflow_date=2026-04-27 | roll=0d | reason: No adjustment needed
2026-04-10 16:06:54,657 [INFO] engines.outflow: AUCTION | T_BILL 364D | auction_date=2026-04-26 | adjusted_outflow_date=2026-04-27 | roll=0d | reason: No adjustment needed
2026-04-10 16:06:54,657 [INFO] engines.outflow: AUCTION | T_BILL 91D  | auction_date=2026-05-03 | adjusted_outflow_date=2026-05-04 | roll=0d | reason: No adjustment needed
2026-04-10 16:06:54,657 [INFO] engines.outflow: AUCTION | T_BILL 182D | auction_date=2026-05-03 | adjusted_outflow_date=2026-05-04 | roll=0d | reason: No adjustment needed
2026-04-10 16:06:54,658 [INFO] engines.outflow: AUCTION | T_BILL 364D | auction_date=2026-05-03 | adjusted_outflow_date=2026-05-04 | roll=0d | reason: No adjustment needed
2026-04-10 16:06:54,658 [INFO] engines.outflow: AUCTION | T_BOND 2Y   | auction_date=2026-04-08 | adjusted_outflow_date=2026-04-09 | roll=0d | reason: No adjustment needed
2026-04-10 16:06:54,658 [INFO] engines.outflow: AUCTION | T_BOND 5Y   | auction_date=2026-04-08 | adjusted_outflow_date=2026-04-09 | roll=0d | reason: No adjustment needed
2026-04-10 16:06:54,658 [INFO] engines.outflow: AUCTION | T_BOND 10Y  | auction_date=2026-04-08 | adjusted_outflow_date=2026-04-09 | roll=0d | reason: No adjustment needed
2026-04-10 16:06:54,658 [INFO] engines.outflow: AUCTION | T_BOND 15Y  | auction_date=2026-04-08 | adjusted_outflow_date=2026-04-09 | roll=0d | reason: No adjustment needed
2026-04-10 16:06:54,659 [INFO] engines.outflow: AUCTION | T_BOND 2Y   | auction_date=2026-04-22 | adjusted_outflow_date=2026-04-23 | roll=0d | reason: No adjustment needed
2026-04-10 16:06:54,659 [INFO] engines.outflow: AUCTION | T_BOND 5Y   | auction_date=2026-04-22 | adjusted_outflow_date=2026-04-23 | roll=0d | reason: No adjustment needed
2026-04-10 16:06:54,659 [INFO] engines.outflow: AUCTION | T_BOND 10Y  | auction_date=2026-04-22 | adjusted_outflow_date=2026-04-23 | roll=0d | reason: No adjustment needed
2026-04-10 16:06:54,660 [INFO] engines.outflow: AUCTION | T_BOND 15Y  | auction_date=2026-04-22 | adjusted_outflow_date=2026-04-23 | roll=0d | reason: No adjustment needed
2026-04-10 16:06:54,660 [INFO] engines.outflow: AUCTION | FRTB 3Y_FRTB | auction_date=2026-04-08 | adjusted_outflow_date=2026-04-09 | roll=0d | reason: No adjustment needed
2026-04-10 16:06:54,660 [INFO] engines.outflow: ============================================================
2026-04-10 16:06:54,660 [INFO] engines.outflow: AUCTION OUTFLOW SUMMARY (24 events, 0 errors)
2026-04-10 16:06:54,661 [INFO] engines.outflow: Type         Tenor  AucNo  Auction Date Outflow Date Adjustment
2026-04-10 16:06:54,661 [INFO] engines.outflow: T_BILL       91D    44     2026-04-05   2026-04-06   No adjustment needed
2026-04-10 16:06:54,662 [INFO] engines.outflow: T_BILL       182D   44     2026-04-05   2026-04-06   No adjustment needed
2026-04-10 16:06:54,662 [INFO] engines.outflow: T_BILL       364D   44     2026-04-05   2026-04-06   No adjustment needed
2026-04-10 16:06:54,662 [INFO] engines.outflow: T_BILL       91D    45     2026-04-12   2026-04-13   No adjustment needed
2026-04-10 16:06:54,662 [INFO] engines.outflow: T_BILL       182D   45     2026-04-12   2026-04-13   No adjustment needed
2026-04-10 16:06:54,663 [INFO] engines.outflow: T_BILL       364D   45     2026-04-12   2026-04-13   No adjustment needed
2026-04-10 16:06:54,663 [INFO] engines.outflow: T_BILL       91D    46     2026-04-19   2026-04-20   No adjustment needed
2026-04-10 16:06:54,663 [INFO] engines.outflow: T_BILL       182D   46     2026-04-19   2026-04-20   No adjustment needed
2026-04-10 16:06:54,663 [INFO] engines.outflow: T_BILL       364D   46     2026-04-19   2026-04-20   No adjustment needed
2026-04-10 16:06:54,664 [INFO] engines.outflow: T_BILL       91D    47     2026-04-26   2026-04-27   No adjustment needed
2026-04-10 16:06:54,664 [INFO] engines.outflow: T_BILL       182D   47     2026-04-26   2026-04-27   No adjustment needed
2026-04-10 16:06:54,664 [INFO] engines.outflow: T_BILL       364D   47     2026-04-26   2026-04-27   No adjustment needed
2026-04-10 16:06:54,664 [INFO] engines.outflow: T_BILL       91D    48     2026-05-03   2026-05-04   No adjustment needed
2026-04-10 16:06:54,665 [INFO] engines.outflow: T_BILL       182D   48     2026-05-03   2026-05-04   No adjustment needed
2026-04-10 16:06:54,665 [INFO] engines.outflow: T_BILL       364D   48     2026-05-03   2026-05-04   No adjustment needed
2026-04-10 16:06:54,665 [INFO] engines.outflow: T_BOND       2Y     B01    2026-04-08   2026-04-09   No adjustment needed
2026-04-10 16:06:54,666 [INFO] engines.outflow: T_BOND       5Y     B01    2026-04-08   2026-04-09   No adjustment needed
2026-04-10 16:06:54,666 [INFO] engines.outflow: T_BOND       10Y    B01    2026-04-08   2026-04-09   No adjustment needed
2026-04-10 16:06:54,666 [INFO] engines.outflow: T_BOND       15Y    B01    2026-04-08   2026-04-09   No adjustment needed
2026-04-10 16:06:54,667 [INFO] engines.outflow: T_BOND       2Y     B02    2026-04-22   2026-04-23   No adjustment needed
2026-04-10 16:06:54,667 [INFO] engines.outflow: T_BOND       5Y     B02    2026-04-22   2026-04-23   No adjustment needed
2026-04-10 16:06:54,668 [INFO] engines.outflow: T_BOND       10Y    B02    2026-04-22   2026-04-23   No adjustment needed
2026-04-10 16:06:54,669 [INFO] engines.outflow: T_BOND       15Y    B02    2026-04-22   2026-04-23   No adjustment needed
2026-04-10 16:06:54,669 [INFO] engines.outflow: FRTB         3Y_FRTB F01    2026-04-08   2026-04-09   No adjustment needed
2026-04-10 16:06:54,670 [INFO] engines.outflow: ============================================================
2026-04-10 16:06:54,840 [INFO] engines.aggregation: Built 123 daily flow rows
2026-04-10 16:06:54,862 [INFO] engines.pipeline: Pipeline complete: {'securities': 320, 'coupons': 6961, 'maturities': 320, 'auctions': 24, 'daily_rows': 123, 'errors': []}
2026-04-10 16:06:54,866 [INFO] run: Pipeline result: {'securities': 320, 'coupons': 6961, 'maturities': 320, 'auctions': 24, 'daily_rows': 123, 'errors': []}
2026-04-14 13:13:55,445 [INFO] db: Database initialised at C:\Users\Administrator\Desktop\mm_dashboard\data\mm_dashboard.db
2026-04-14 13:13:55,446 [INFO] run: Database initialised.
2026-04-14 13:14:01,770 [INFO] db: Database initialised at C:\Users\Administrator\Desktop\mm_dashboard\data\mm_dashboard.db
2026-04-14 13:14:01,853 [INFO] seeds_loader: Loaded 10 holidays for FY 2025-26
2026-04-14 13:14:01,854 [INFO] run: Seeded 10 holidays from holidays_2025-26.yaml
2026-04-14 13:14:14,673 [INFO] run: Running pipeline: 2026-02-13 to 2026-08-12
2026-04-14 13:14:14,718 [INFO] db: Database initialised at C:\Users\Administrator\Desktop\mm_dashboard\data\mm_dashboard.db
2026-04-14 13:14:14,750 [INFO] calendar_utils: Holiday calendar loaded: 10 public holidays
2026-04-14 13:14:14,751 [INFO] engines.pipeline: Loaded 10 holidays from DB
2026-04-14 13:14:18,193 [INFO] fetchers.http_client: Fetched https://gsom.bb.org.bd/mtm.php (311030 bytes)
2026-04-14 13:14:18,463 [INFO] parsers.securities: Parsed 225 rows from https://gsom.bb.org.bd/mtm.php
2026-04-14 13:14:20,079 [INFO] fetchers.http_client: Fetched https://gsom.bb.org.bd/mtm-frtb.php (19937 bytes)
2026-04-14 13:14:20,103 [INFO] parsers.securities: Parsed 8 rows from https://gsom.bb.org.bd/mtm-frtb.php
2026-04-14 13:14:21,186 [INFO] fetchers.http_client: Fetched https://gsom.bb.org.bd/mtm-bill.php (97038 bytes)
2026-04-14 13:14:21,243 [INFO] parsers.securities: Parsed 87 T-Bill rows from https://gsom.bb.org.bd/mtm-bill.php
2026-04-14 13:14:21,315 [INFO] engines.pipeline: Upserted 320 securities
2026-04-14 13:14:21,318 [INFO] engines.inflow: ISIN BD0926421027: generated 5 coupon events (HFLY)
2026-04-14 13:14:21,328 [INFO] engines.inflow: ISIN BD0926381155: generated 31 coupon events (HFLY)
2026-04-14 13:14:21,358 [INFO] engines.inflow: ISIN BD0926461023: generated 5 coupon events (HFLY)
2026-04-14 13:14:21,364 [INFO] engines.inflow: ISIN BD0926421159: generated 31 coupon events (HFLY)
2026-04-14 13:14:21,397 [INFO] engines.inflow: ISIN BD0926431059: generated 11 coupon events (HFLY)
2026-04-14 13:14:21,406 [INFO] engines.inflow: ISIN BD0926021108: generated 21 coupon events (HFLY)
2026-04-14 13:14:21,433 [INFO] engines.inflow: ISIN BD0926061021: generated 5 coupon events (HFLY)
2026-04-14 13:14:21,444 [INFO] engines.inflow: ISIN BD0926071152: generated 31 coupon events (HFLY)
2026-04-14 13:14:21,469 [INFO] engines.inflow: ISIN BD0926541055: generated 11 coupon events (HFLY)
2026-04-14 13:14:21,481 [INFO] engines.inflow: ISIN BD0926111156: generated 31 coupon events (HFLY)
2026-04-14 13:14:21,523 [INFO] engines.inflow: ISIN BD0926141021: generated 5 coupon events (HFLY)
2026-04-14 13:14:21,535 [INFO] engines.inflow: ISIN BD0926151152: generated 31 coupon events (HFLY)
2026-04-14 13:14:21,567 [INFO] engines.inflow: ISIN BD0926191026: generated 5 coupon events (HFLY)
2026-04-14 13:14:21,576 [INFO] engines.inflow: ISIN BD0926601057: generated 11 coupon events (HFLY)
2026-04-14 13:14:21,595 [INFO] engines.inflow: ISIN BD0926191158: generated 31 coupon events (HFLY)
2026-04-14 13:14:21,620 [INFO] engines.inflow: ISIN BD0926231152: generated 31 coupon events (HFLY)
2026-04-14 13:14:21,643 [INFO] engines.inflow: ISIN BD0927271025: generated 5 coupon events (HFLY)
2026-04-14 13:14:21,649 [INFO] engines.inflow: ISIN BD0927251100: generated 21 coupon events (HFLY)
2026-04-14 13:14:21,669 [INFO] engines.inflow: ISIN BD0927271157: generated 31 coupon events (HFLY)
2026-04-14 13:14:21,701 [INFO] engines.inflow: ISIN BD0927311029: generated 5 coupon events (HFLY)
2026-04-14 13:14:21,710 [INFO] engines.inflow: ISIN BD0927311151: generated 31 coupon events (HFLY)
2026-04-14 13:14:21,734 [INFO] engines.inflow: ISIN BD0927351025: generated 5 coupon events (HFLY)
2026-04-14 13:14:21,745 [INFO] engines.inflow: ISIN BD0927761058: generated 11 coupon events (HFLY)
2026-04-14 13:14:21,757 [INFO] engines.inflow: ISIN BD0927351157: generated 31 coupon events (HFLY)
2026-04-14 13:14:21,785 [INFO] engines.inflow: ISIN BD0927391021: generated 5 coupon events (HFLY)
2026-04-14 13:14:21,796 [INFO] engines.inflow: ISIN BD0927391153: generated 31 coupon events (HFLY)
2026-04-14 13:14:21,827 [INFO] engines.inflow: ISIN BD0927431025: generated 5 coupon events (HFLY)
2026-04-14 13:14:21,833 [INFO] engines.inflow: ISIN BD0927841058: generated 11 coupon events (HFLY)
2026-04-14 13:14:21,847 [INFO] engines.inflow: ISIN BD0927431157: generated 31 coupon events (HFLY)
2026-04-14 13:14:21,880 [INFO] engines.inflow: ISIN BD0927471021: generated 5 coupon events (HFLY)
2026-04-14 13:14:21,889 [INFO] engines.inflow: ISIN BD0927471153: generated 31 coupon events (HFLY)
2026-04-14 13:14:21,914 [INFO] engines.inflow: ISIN BD0927011025: generated 5 coupon events (HFLY)
2026-04-14 13:14:21,921 [INFO] engines.inflow: ISIN BD0927021057: generated 11 coupon events (HFLY)
2026-04-14 13:14:21,932 [INFO] engines.inflow: ISIN BD0927031155: generated 31 coupon events (HFLY)
2026-04-14 13:14:21,964 [INFO] engines.inflow: ISIN BD0927041204: generated 41 coupon events (HFLY)
2026-04-14 13:14:21,997 [INFO] engines.inflow: ISIN BD0927081200: generated 40 coupon events (HFLY)
2026-04-14 13:14:22,029 [INFO] engines.inflow: ISIN BD0927091027: generated 5 coupon events (HFLY)
2026-04-14 13:14:22,037 [INFO] engines.inflow: ISIN BD0927111155: generated 31 coupon events (HFLY)
2026-04-14 13:14:22,063 [INFO] engines.inflow: ISIN BD0927121204: generated 41 coupon events (HFLY)
2026-04-14 13:14:22,098 [INFO] engines.inflow: ISIN BD0927151151: generated 31 coupon events (HFLY)
2026-04-14 13:14:22,120 [INFO] engines.inflow: ISIN BD0927101107: generated 21 coupon events (HFLY)
2026-04-14 13:14:22,135 [INFO] engines.inflow: ISIN BD0927161200: generated 41 coupon events (HFLY)
2026-04-14 13:14:22,166 [INFO] engines.inflow: ISIN BD0927171027: generated 5 coupon events (HFLY)
2026-04-14 13:14:22,172 [INFO] engines.inflow: ISIN BD0927181059: generated 11 coupon events (HFLY)
2026-04-14 13:14:22,191 [INFO] engines.inflow: ISIN BD0927191157: generated 31 coupon events (HFLY)
2026-04-14 13:14:22,229 [INFO] engines.inflow: ISIN BD0927201204: generated 41 coupon events (HFLY)
2026-04-14 13:14:22,266 [INFO] engines.inflow: ISIN BD0927231151: generated 31 coupon events (HFLY)
2026-04-14 13:14:22,290 [INFO] engines.inflow: ISIN BD0927241200: generated 41 coupon events (HFLY)
2026-04-14 13:14:22,319 [INFO] engines.inflow: ISIN BD0928261058: generated 11 coupon events (HFLY)
2026-04-14 13:14:22,334 [INFO] engines.inflow: ISIN BD0928271156: generated 31 coupon events (HFLY)
2026-04-14 13:14:22,360 [INFO] engines.inflow: ISIN BD0928281205: generated 41 coupon events (HFLY)
2026-04-14 13:14:22,393 [INFO] engines.inflow: ISIN BD0928311150: generated 31 coupon events (HFLY)
2026-04-14 13:14:22,421 [INFO] engines.inflow: ISIN BD0928321209: generated 41 coupon events (HFLY)
2026-04-14 13:14:22,453 [INFO] engines.inflow: ISIN BD0928351156: generated 31 coupon events (HFLY)
2026-04-14 13:14:22,477 [INFO] engines.inflow: ISIN BD0928361205: generated 41 coupon events (HFLY)
2026-04-14 13:14:22,509 [INFO] engines.inflow: ISIN BD0928381054: generated 11 coupon events (HFLY)
2026-04-14 13:14:22,523 [INFO] engines.inflow: ISIN BD0928391152: generated 31 coupon events (HFLY)
2026-04-14 13:14:22,563 [INFO] engines.inflow: ISIN BD0928401209: generated 41 coupon events (HFLY)
2026-04-14 13:14:22,607 [INFO] engines.inflow: ISIN BD0928431156: generated 31 coupon events (HFLY)
2026-04-14 13:14:22,636 [INFO] engines.inflow: ISIN BD0928441205: generated 41 coupon events (HFLY)
2026-04-14 13:14:22,672 [INFO] engines.inflow: ISIN BD0928461054: generated 11 coupon events (HFLY)
2026-04-14 13:14:22,688 [INFO] engines.inflow: ISIN BD0928471152: generated 31 coupon events (HFLY)
2026-04-14 13:14:22,717 [INFO] engines.inflow: ISIN BD0928331109: generated 21 coupon events (HFLY)
2026-04-14 13:14:22,746 [INFO] engines.inflow: ISIN BD0928481201: generated 41 coupon events (HFLY)
2026-04-14 13:14:22,781 [INFO] engines.inflow: ISIN BD0928041203: generated 41 coupon events (HFLY)
2026-04-14 13:14:22,817 [INFO] engines.inflow: ISIN BD0928041153: generated 31 coupon events (HFLY)
2026-04-14 13:14:22,851 [INFO] engines.inflow: ISIN BD0928061052: generated 11 coupon events (HFLY)
2026-04-14 13:14:22,872 [INFO] engines.inflow: ISIN BD0928081209: generated 41 coupon events (HFLY)
2026-04-14 13:14:22,911 [INFO] engines.inflow: ISIN BD0928081159: generated 30 coupon events (HFLY)
2026-04-14 13:14:22,939 [INFO] engines.inflow: ISIN BD0928101056: generated 11 coupon events (HFLY)
2026-04-14 13:14:22,947 [INFO] engines.inflow: ISIN BD0928121203: generated 41 coupon events (HFLY)
2026-04-14 13:14:22,985 [INFO] engines.inflow: ISIN BD0928121153: generated 31 coupon events (HFLY)
2026-04-14 13:14:23,013 [INFO] engines.inflow: ISIN BD0928161159: generated 31 coupon events (HFLY)
2026-04-14 13:14:23,043 [INFO] engines.inflow: ISIN BD0928161209: generated 41 coupon events (HFLY)
2026-04-14 13:14:23,086 [INFO] engines.inflow: ISIN BD0928181058: generated 11 coupon events (HFLY)
2026-04-14 13:14:23,103 [INFO] engines.inflow: ISIN BD0928131103: generated 21 coupon events (HFLY)
2026-04-14 13:14:23,137 [INFO] engines.inflow: ISIN BD0928201203: generated 41 coupon events (HFLY)
2026-04-14 13:14:23,176 [INFO] engines.inflow: ISIN BD0928201153: generated 31 coupon events (HFLY)
2026-04-14 13:14:23,219 [INFO] engines.inflow: ISIN BD0928221052: generated 11 coupon events (HFLY)
2026-04-14 13:14:23,277 [INFO] engines.inflow: ISIN BD0928241209: generated 41 coupon events (HFLY)
2026-04-14 13:14:23,340 [INFO] engines.inflow: ISIN BD0928241159: generated 31 coupon events (HFLY)
2026-04-14 13:14:23,375 [INFO] engines.inflow: ISIN BD0929281204: generated 41 coupon events (HFLY)
2026-04-14 13:14:23,409 [INFO] engines.inflow: ISIN BD0929281154: generated 31 coupon events (HFLY)
2026-04-14 13:14:23,437 [INFO] engines.inflow: ISIN BD0929321208: generated 41 coupon events (HFLY)
2026-04-14 13:14:23,473 [INFO] engines.inflow: ISIN BD0929321158: generated 31 coupon events (HFLY)
2026-04-14 13:14:23,507 [INFO] engines.inflow: ISIN BD0929361204: generated 41 coupon events (HFLY)
2026-04-14 13:14:23,546 [INFO] engines.inflow: ISIN BD0929361154: generated 31 coupon events (HFLY)
2026-04-14 13:14:23,576 [INFO] engines.inflow: ISIN BD0929401059: generated 11 coupon events (HFLY)
2026-04-14 13:14:23,594 [INFO] engines.inflow: ISIN BD0929311100: generated 21 coupon events (HFLY)
2026-04-14 13:14:23,614 [INFO] engines.inflow: ISIN BD0929401158: generated 31 coupon events (HFLY)
2026-04-14 13:14:23,650 [INFO] engines.inflow: ISIN BD0929401208: generated 41 coupon events (HFLY)
2026-04-14 13:14:23,705 [INFO] engines.inflow: ISIN BD0929431056: generated 11 coupon events (HFLY)
2026-04-14 13:14:23,719 [INFO] engines.inflow: ISIN BD0929441204: generated 41 coupon events (HFLY)
2026-04-14 13:14:23,756 [INFO] engines.inflow: ISIN BD0929441154: generated 31 coupon events (HFLY)
2026-04-14 13:14:23,787 [INFO] engines.inflow: ISIN BD0929381103: generated 21 coupon events (HFLY)
2026-04-14 13:14:23,810 [INFO] engines.inflow: ISIN BD0929481200: generated 41 coupon events (HFLY)
2026-04-14 13:14:23,842 [INFO] engines.inflow: ISIN BD0929481150: generated 31 coupon events (HFLY)
2026-04-14 13:14:23,874 [INFO] engines.inflow: ISIN BD0929041152: generated 31 coupon events (HFLY)
2026-04-14 13:14:23,901 [INFO] engines.inflow: ISIN BD0929041202: generated 41 coupon events (HFLY)
2026-04-14 13:14:23,939 [INFO] engines.inflow: ISIN BD0929061101: generated 21 coupon events (HFLY)
2026-04-14 13:14:23,962 [INFO] engines.inflow: ISIN BD0929081208: generated 41 coupon events (HFLY)
2026-04-14 13:14:23,991 [INFO] engines.inflow: ISIN BD0929081158: generated 31 coupon events (HFLY)
2026-04-14 13:14:24,020 [INFO] engines.inflow: ISIN BD0929121152: generated 31 coupon events (HFLY)
2026-04-14 13:14:24,055 [INFO] engines.inflow: ISIN BD0929151050: generated 11 coupon events (HFLY)
2026-04-14 13:14:24,067 [INFO] engines.inflow: ISIN BD0929161208: generated 41 coupon events (HFLY)
2026-04-14 13:14:24,108 [INFO] engines.inflow: ISIN BD0929161158: generated 31 coupon events (HFLY)
2026-04-14 13:14:24,128 [INFO] engines.inflow: ISIN BD0929201152: generated 31 coupon events (HFLY)
2026-04-14 13:14:24,165 [INFO] engines.inflow: ISIN BD0929241059: generated 11 coupon events (HFLY)
2026-04-14 13:14:24,182 [INFO] engines.inflow: ISIN BD0929221101: generated 21 coupon events (HFLY)
2026-04-14 13:14:24,205 [INFO] engines.inflow: ISIN BD0929201202: generated 41 coupon events (HFLY)
2026-04-14 13:14:24,245 [INFO] engines.inflow: ISIN BD0930261104: generated 21 coupon events (HFLY)
2026-04-14 13:14:24,258 [INFO] engines.inflow: ISIN BD0930321056: generated 11 coupon events (HFLY)
2026-04-14 13:14:24,275 [INFO] engines.inflow: ISIN BD0930251204: generated 41 coupon events (HFLY)
2026-04-14 13:14:24,317 [INFO] engines.inflow: ISIN BD0930281201: generated 41 coupon events (HFLY)
2026-04-14 13:14:24,354 [INFO] engines.inflow: ISIN BD0930401056: generated 11 coupon events (HFLY)
2026-04-14 13:14:24,362 [INFO] engines.inflow: ISIN BD0930321205: generated 41 coupon events (HFLY)
2026-04-14 13:14:24,402 [INFO] engines.inflow: ISIN BD0930381100: generated 21 coupon events (HFLY)
2026-04-14 13:14:24,424 [INFO] engines.inflow: ISIN BD0930361201: generated 41 coupon events (HFLY)
2026-04-14 13:14:24,458 [INFO] engines.inflow: ISIN BD0930431103: generated 21 coupon events (HFLY)
2026-04-14 13:14:24,485 [INFO] engines.inflow: ISIN BD0930481058: generated 11 coupon events (HFLY)
2026-04-14 13:14:24,502 [INFO] engines.inflow: ISIN BD0930401205: generated 41 coupon events (HFLY)
2026-04-14 13:14:24,541 [INFO] engines.inflow: ISIN BD0930031101: generated 21 coupon events (HFLY)
2026-04-14 13:14:24,558 [INFO] engines.inflow: ISIN BD0930041209: generated 41 coupon events (HFLY)
2026-04-14 13:14:24,595 [INFO] engines.inflow: ISIN BD0930041159: generated 31 coupon events (HFLY)
2026-04-14 13:14:24,622 [INFO] engines.inflow: ISIN BD0930081205: generated 41 coupon events (HFLY)
2026-04-14 13:14:24,654 [INFO] engines.inflow: ISIN BD0930101052: generated 11 coupon events (HFLY)
2026-04-14 13:14:24,672 [INFO] engines.inflow: ISIN BD0930121159: generated 31 coupon events (HFLY)
2026-04-14 13:14:24,710 [INFO] engines.inflow: ISIN BD0930121209: generated 41 coupon events (HFLY)
2026-04-14 13:14:24,770 [INFO] engines.inflow: ISIN BD0930141108: generated 21 coupon events (HFLY)
2026-04-14 13:14:24,796 [INFO] engines.inflow: ISIN BD0930161205: generated 41 coupon events (HFLY)
2026-04-14 13:14:24,830 [INFO] engines.inflow: ISIN BD0930201209: generated 41 coupon events (HFLY)
2026-04-14 13:14:24,873 [INFO] engines.inflow: ISIN BD0930211059: generated 11 coupon events (HFLY)
2026-04-14 13:14:24,882 [INFO] engines.inflow: ISIN BD0930241205: generated 41 coupon events (HFLY)
2026-04-14 13:14:24,910 [INFO] engines.inflow: ISIN BD0931281200: generated 41 coupon events (HFLY)
2026-04-14 13:14:24,948 [INFO] engines.inflow: ISIN BD0931301107: generated 21 coupon events (HFLY)
2026-04-14 13:14:24,975 [INFO] engines.inflow: ISIN BD0931321204: generated 41 coupon events (HFLY)
2026-04-14 13:14:25,010 [INFO] engines.inflow: ISIN BD0931361200: generated 41 coupon events (HFLY)
2026-04-14 13:14:25,064 [INFO] engines.inflow: ISIN BD0931401204: generated 41 coupon events (HFLY)
2026-04-14 13:14:25,130 [INFO] engines.inflow: ISIN BD0931401154: generated 31 coupon events (HFLY)
2026-04-14 13:14:25,168 [INFO] engines.inflow: ISIN BD0931401105: generated 21 coupon events (HFLY)
2026-04-14 13:14:25,198 [INFO] engines.inflow: ISIN BD0931441200: generated 41 coupon events (HFLY)
2026-04-14 13:14:25,259 [INFO] engines.inflow: ISIN BD0931471207: generated 41 coupon events (HFLY)
2026-04-14 13:14:25,311 [INFO] engines.inflow: ISIN BD0931481107: generated 21 coupon events (HFLY)
2026-04-14 13:14:25,355 [INFO] engines.inflow: ISIN BD0931041208: generated 41 coupon events (HFLY)
2026-04-14 13:14:25,391 [INFO] engines.inflow: ISIN BD0931081204: generated 41 coupon events (HFLY)
2026-04-14 13:14:25,421 [INFO] engines.inflow: ISIN BD0931121208: generated 41 coupon events (HFLY)
2026-04-14 13:14:25,456 [INFO] engines.inflow: ISIN BD0931561106: generated 21 coupon events (HFLY)
2026-04-14 13:14:25,471 [INFO] engines.inflow: ISIN BD0931161204: generated 41 coupon events (HFLY)
2026-04-14 13:14:25,515 [INFO] engines.inflow: ISIN BD0931201208: generated 41 coupon events (HFLY)
2026-04-14 13:14:25,557 [INFO] engines.inflow: ISIN BD0931241204: generated 41 coupon events (HFLY)
2026-04-14 13:14:25,591 [INFO] engines.inflow: ISIN BD0932691100: generated 21 coupon events (HFLY)
2026-04-14 13:14:25,617 [INFO] engines.inflow: ISIN BD0932281209: generated 41 coupon events (HFLY)
2026-04-14 13:14:25,659 [INFO] engines.inflow: ISIN BD0932321203: generated 40 coupon events (HFLY)
2026-04-14 13:14:25,699 [INFO] engines.inflow: ISIN BD0932361209: generated 41 coupon events (HFLY)
2026-04-14 13:14:25,742 [INFO] engines.inflow: ISIN BD0932401203: generated 41 coupon events (HFLY)
2026-04-14 13:14:25,785 [INFO] engines.inflow: ISIN BD0932851100: generated 21 coupon events (HFLY)
2026-04-14 13:14:25,814 [INFO] engines.inflow: ISIN BD0932441209: generated 41 coupon events (HFLY)
2026-04-14 13:14:25,842 [INFO] engines.inflow: ISIN BD0932891106: generated 21 coupon events (HFLY)
2026-04-14 13:14:25,870 [INFO] engines.inflow: ISIN BD0932481205: generated 41 coupon events (HFLY)
2026-04-14 13:14:25,898 [INFO] engines.inflow: ISIN BD0932041207: generated 41 coupon events (HFLY)
2026-04-14 13:14:25,931 [INFO] engines.inflow: ISIN BD0932081203: generated 40 coupon events (HFLY)
2026-04-14 13:14:25,966 [INFO] engines.inflow: ISIN BD0932111109: generated 21 coupon events (HFLY)
2026-04-14 13:14:25,992 [INFO] engines.inflow: ISIN BD0932121207: generated 41 coupon events (HFLY)
2026-04-14 13:14:26,041 [INFO] engines.inflow: ISIN BD0932161203: generated 41 coupon events (HFLY)
2026-04-14 13:14:26,076 [INFO] engines.inflow: ISIN BD0932201207: generated 41 coupon events (HFLY)
2026-04-14 13:14:26,106 [INFO] engines.inflow: ISIN BD0932231105: generated 21 coupon events (HFLY)
2026-04-14 13:14:26,130 [INFO] engines.inflow: ISIN BD0932241203: generated 41 coupon events (HFLY)
2026-04-14 13:14:26,162 [INFO] engines.inflow: ISIN BD0933281208: generated 41 coupon events (HFLY)
2026-04-14 13:14:26,206 [INFO] engines.inflow: ISIN BD0933321202: generated 41 coupon events (HFLY)
2026-04-14 13:14:26,239 [INFO] engines.inflow: ISIN BD0933351100: generated 21 coupon events (HFLY)
2026-04-14 13:14:26,261 [INFO] engines.inflow: ISIN BD0933361208: generated 41 coupon events (HFLY)
2026-04-14 13:14:26,289 [INFO] engines.inflow: ISIN BD0933401202: generated 41 coupon events (HFLY)
2026-04-14 13:14:26,329 [INFO] engines.inflow: ISIN BD0933441208: generated 41 coupon events (HFLY)
2026-04-14 13:14:26,358 [INFO] engines.inflow: ISIN BD0933481204: generated 41 coupon events (HFLY)
2026-04-14 13:14:26,391 [INFO] engines.inflow: ISIN BD0933041206: generated 41 coupon events (HFLY)
2026-04-14 13:14:26,422 [INFO] engines.inflow: ISIN BD0933071104: generated 21 coupon events (HFLY)
2026-04-14 13:14:26,448 [INFO] engines.inflow: ISIN BD0933081202: generated 40 coupon events (HFLY)
2026-04-14 13:14:26,486 [INFO] engines.inflow: ISIN BD0933121206: generated 41 coupon events (HFLY)
2026-04-14 13:14:26,523 [INFO] engines.inflow: ISIN BD0933101158: generated 31 coupon events (HFLY)
2026-04-14 13:14:26,550 [INFO] engines.inflow: ISIN BD0933161202: generated 41 coupon events (HFLY)
2026-04-14 13:14:26,584 [INFO] engines.inflow: ISIN BD0933201206: generated 41 coupon events (HFLY)
2026-04-14 13:14:26,618 [INFO] engines.inflow: ISIN BD0933141154: generated 31 coupon events (HFLY)
2026-04-14 13:14:26,650 [INFO] engines.inflow: ISIN BD0933241202: generated 41 coupon events (HFLY)
2026-04-14 13:14:26,683 [INFO] engines.inflow: ISIN BD0934281207: generated 41 coupon events (HFLY)
2026-04-14 13:14:26,721 [INFO] engines.inflow: ISIN BD0934311103: generated 21 coupon events (HFLY)
2026-04-14 13:14:26,746 [INFO] engines.inflow: ISIN BD0934321201: generated 41 coupon events (HFLY)
2026-04-14 13:14:26,784 [INFO] engines.inflow: ISIN BD0934361207: generated 41 coupon events (HFLY)
2026-04-14 13:14:26,822 [INFO] engines.inflow: ISIN BD0934401102: generated 21 coupon events (HFLY)
2026-04-14 13:14:26,838 [INFO] engines.inflow: ISIN BD0934401201: generated 41 coupon events (HFLY)
2026-04-14 13:14:26,869 [INFO] engines.inflow: ISIN BD0934441207: generated 41 coupon events (HFLY)
2026-04-14 13:14:26,907 [INFO] engines.inflow: ISIN BD0934481104: generated 21 coupon events (HFLY)
2026-04-14 13:14:26,932 [INFO] engines.inflow: ISIN BD0934481203: generated 41 coupon events (HFLY)
2026-04-14 13:14:26,974 [INFO] engines.inflow: ISIN BD0934041205: generated 41 coupon events (HFLY)
2026-04-14 13:14:27,011 [INFO] engines.inflow: ISIN BD0934081201: generated 41 coupon events (HFLY)
2026-04-14 13:14:27,054 [INFO] engines.inflow: ISIN BD0934121205: generated 41 coupon events (HFLY)
2026-04-14 13:14:27,090 [INFO] engines.inflow: ISIN BD0934161201: generated 41 coupon events (HFLY)
2026-04-14 13:14:27,129 [INFO] engines.inflow: ISIN BD0934201205: generated 41 coupon events (HFLY)
2026-04-14 13:14:27,166 [INFO] engines.inflow: ISIN BD0935291106: generated 21 coupon events (HFLY)
2026-04-14 13:14:27,183 [INFO] engines.inflow: ISIN BD0935371106: generated 21 coupon events (HFLY)
2026-04-14 13:14:27,202 [INFO] engines.inflow: ISIN BD0935391153: generated 31 coupon events (HFLY)
2026-04-14 13:14:27,227 [INFO] engines.inflow: ISIN BD0935451106: generated 21 coupon events (HFLY)
2026-04-14 13:14:27,257 [INFO] engines.inflow: ISIN BD0935441156: generated 31 coupon events (HFLY)
2026-04-14 13:14:27,277 [INFO] engines.inflow: ISIN BD0935031106: generated 21 coupon events (HFLY)
2026-04-14 13:14:27,303 [INFO] engines.inflow: ISIN BD0935041204: generated 41 coupon events (HFLY)
2026-04-14 13:14:27,353 [INFO] engines.inflow: ISIN BD0935191108: generated 21 coupon events (HFLY)
2026-04-14 13:14:27,380 [INFO] engines.inflow: ISIN BD0935201204: generated 41 coupon events (HFLY)
2026-04-14 13:14:27,411 [INFO] engines.inflow: ISIN BD0936401209: generated 41 coupon events (HFLY)
2026-04-14 13:14:27,442 [INFO] engines.inflow: ISIN BD0936491150: generated 31 coupon events (HFLY)
2026-04-14 13:14:27,478 [INFO] engines.inflow: ISIN BD0937821157: generated 31 coupon events (HFLY)
2026-04-14 13:14:27,523 [INFO] engines.inflow: ISIN BD0937901157: generated 31 coupon events (HFLY)
2026-04-14 13:14:27,571 [INFO] engines.inflow: ISIN BD0938141209: generated 41 coupon events (HFLY)
2026-04-14 13:14:27,642 [INFO] engines.inflow: ISIN BD0939371151: generated 31 coupon events (HFLY)
2026-04-14 13:14:27,671 [INFO] engines.inflow: ISIN BD0939391209: generated 41 coupon events (HFLY)
2026-04-14 13:14:27,713 [INFO] engines.inflow: ISIN BD0940381157: generated 31 coupon events (HFLY)
2026-04-14 13:14:27,761 [INFO] engines.inflow: ISIN BD0940401203: generated 41 coupon events (HFLY)
2026-04-14 13:14:27,808 [INFO] engines.inflow: ISIN BD0940441209: generated 41 coupon events (HFLY)
2026-04-14 13:14:27,841 [INFO] engines.inflow: ISIN BD0940081153: generated 31 coupon events (HFLY)
2026-04-14 13:14:27,877 [INFO] engines.inflow: ISIN BD0941451207: generated 41 coupon events (HFLY)
2026-04-14 13:14:27,913 [INFO] engines.inflow: ISIN BD0942781206: generated 41 coupon events (HFLY)
2026-04-14 13:14:27,947 [INFO] engines.inflow: ISIN BD0942901200: generated 41 coupon events (HFLY)
2026-04-14 13:14:27,989 [INFO] engines.inflow: ISIN BD0942241201: generated 41 coupon events (HFLY)
2026-04-14 13:14:28,047 [INFO] engines.inflow: ISIN BD0943281206: generated 41 coupon events (HFLY)
2026-04-14 13:14:28,089 [INFO] engines.inflow: ISIN BD0944051202: generated 41 coupon events (HFLY)
2026-04-14 13:14:28,124 [INFO] engines.inflow: ISIN BD0945461202: generated 41 coupon events (HFLY)
2026-04-14 13:14:28,161 [INFO] engines.inflow: ISIN BD0945081208: generated 41 coupon events (HFLY)
2026-04-14 13:14:28,204 [INFO] engines.inflow: ISIN BD0927141038: generated 13 coupon events (QRTY)
2026-04-14 13:14:28,222 [INFO] engines.inflow: ISIN BD0927231037: generated 13 coupon events (QRTY)
2026-04-14 13:14:28,240 [INFO] engines.inflow: ISIN BD0928271032: generated 13 coupon events (QRTY)
2026-04-14 13:14:28,252 [INFO] engines.inflow: ISIN BD0928431032: generated 13 coupon events (QRTY)
2026-04-14 13:14:28,266 [INFO] engines.inflow: ISIN BD0928471038: generated 13 coupon events (QRTY)
2026-04-14 13:14:28,279 [INFO] engines.inflow: ISIN BD0928011032: generated 13 coupon events (QRTY)
2026-04-14 13:14:28,293 [INFO] engines.inflow: ISIN BD0928131038: generated 13 coupon events (QRTY)
2026-04-14 13:14:28,308 [INFO] engines.inflow: ISIN BD0929261032: generated 13 coupon events (QRTY)
2026-04-14 13:14:28,404 [INFO] fetchers.auction_parser: Auction HTML parse from C:\Users\Administrator\Desktop\mm_dashboard\data\seeds\auction_calendar.csv: 24 total rows | T-Bill: 15 | T-Bond: 8 | FRTB: 1
2026-04-14 13:14:28,405 [INFO] engines.outflow: AUCTION | T_BILL 91D  | auction_date=2026-04-05 | adjusted_outflow_date=2026-04-06 | roll=0d | reason: No adjustment needed
2026-04-14 13:14:28,405 [INFO] engines.outflow: AUCTION | T_BILL 182D | auction_date=2026-04-05 | adjusted_outflow_date=2026-04-06 | roll=0d | reason: No adjustment needed
2026-04-14 13:14:28,405 [INFO] engines.outflow: AUCTION | T_BILL 364D | auction_date=2026-04-05 | adjusted_outflow_date=2026-04-06 | roll=0d | reason: No adjustment needed
2026-04-14 13:14:28,406 [INFO] engines.outflow: AUCTION | T_BILL 91D  | auction_date=2026-04-12 | adjusted_outflow_date=2026-04-13 | roll=0d | reason: No adjustment needed
2026-04-14 13:14:28,406 [INFO] engines.outflow: AUCTION | T_BILL 182D | auction_date=2026-04-12 | adjusted_outflow_date=2026-04-13 | roll=0d | reason: No adjustment needed
2026-04-14 13:14:28,407 [INFO] engines.outflow: AUCTION | T_BILL 364D | auction_date=2026-04-12 | adjusted_outflow_date=2026-04-13 | roll=0d | reason: No adjustment needed
2026-04-14 13:14:28,407 [INFO] engines.outflow: AUCTION | T_BILL 91D  | auction_date=2026-04-19 | adjusted_outflow_date=2026-04-20 | roll=0d | reason: No adjustment needed
2026-04-14 13:14:28,408 [INFO] engines.outflow: AUCTION | T_BILL 182D | auction_date=2026-04-19 | adjusted_outflow_date=2026-04-20 | roll=0d | reason: No adjustment needed
2026-04-14 13:14:28,408 [INFO] engines.outflow: AUCTION | T_BILL 364D | auction_date=2026-04-19 | adjusted_outflow_date=2026-04-20 | roll=0d | reason: No adjustment needed
2026-04-14 13:14:28,408 [INFO] engines.outflow: AUCTION | T_BILL 91D  | auction_date=2026-04-26 | adjusted_outflow_date=2026-04-27 | roll=0d | reason: No adjustment needed
2026-04-14 13:14:28,409 [INFO] engines.outflow: AUCTION | T_BILL 182D | auction_date=2026-04-26 | adjusted_outflow_date=2026-04-27 | roll=0d | reason: No adjustment needed
2026-04-14 13:14:28,409 [INFO] engines.outflow: AUCTION | T_BILL 364D | auction_date=2026-04-26 | adjusted_outflow_date=2026-04-27 | roll=0d | reason: No adjustment needed
2026-04-14 13:14:28,409 [INFO] engines.outflow: AUCTION | T_BILL 91D  | auction_date=2026-05-03 | adjusted_outflow_date=2026-05-04 | roll=0d | reason: No adjustment needed
2026-04-14 13:14:28,410 [INFO] engines.outflow: AUCTION | T_BILL 182D | auction_date=2026-05-03 | adjusted_outflow_date=2026-05-04 | roll=0d | reason: No adjustment needed
2026-04-14 13:14:28,410 [INFO] engines.outflow: AUCTION | T_BILL 364D | auction_date=2026-05-03 | adjusted_outflow_date=2026-05-04 | roll=0d | reason: No adjustment needed
2026-04-14 13:14:28,411 [INFO] engines.outflow: AUCTION | T_BOND 2Y   | auction_date=2026-04-08 | adjusted_outflow_date=2026-04-09 | roll=0d | reason: No adjustment needed
2026-04-14 13:14:28,411 [INFO] engines.outflow: AUCTION | T_BOND 5Y   | auction_date=2026-04-08 | adjusted_outflow_date=2026-04-09 | roll=0d | reason: No adjustment needed
2026-04-14 13:14:28,412 [INFO] engines.outflow: AUCTION | T_BOND 10Y  | auction_date=2026-04-08 | adjusted_outflow_date=2026-04-09 | roll=0d | reason: No adjustment needed
2026-04-14 13:14:28,412 [INFO] engines.outflow: AUCTION | T_BOND 15Y  | auction_date=2026-04-08 | adjusted_outflow_date=2026-04-09 | roll=0d | reason: No adjustment needed
2026-04-14 13:14:28,413 [INFO] engines.outflow: AUCTION | T_BOND 2Y   | auction_date=2026-04-22 | adjusted_outflow_date=2026-04-23 | roll=0d | reason: No adjustment needed
2026-04-14 13:14:28,414 [INFO] engines.outflow: AUCTION | T_BOND 5Y   | auction_date=2026-04-22 | adjusted_outflow_date=2026-04-23 | roll=0d | reason: No adjustment needed
2026-04-14 13:14:28,414 [INFO] engines.outflow: AUCTION | T_BOND 10Y  | auction_date=2026-04-22 | adjusted_outflow_date=2026-04-23 | roll=0d | reason: No adjustment needed
2026-04-14 13:14:28,415 [INFO] engines.outflow: AUCTION | T_BOND 15Y  | auction_date=2026-04-22 | adjusted_outflow_date=2026-04-23 | roll=0d | reason: No adjustment needed
2026-04-14 13:14:28,416 [INFO] engines.outflow: AUCTION | FRTB 3Y_FRTB | auction_date=2026-04-08 | adjusted_outflow_date=2026-04-09 | roll=0d | reason: No adjustment needed
2026-04-14 13:14:28,416 [INFO] engines.outflow: ============================================================
2026-04-14 13:14:28,416 [INFO] engines.outflow: AUCTION OUTFLOW SUMMARY (24 events, 0 errors)
2026-04-14 13:14:28,417 [INFO] engines.outflow: Type         Tenor  AucNo  Auction Date Outflow Date Adjustment
2026-04-14 13:14:28,417 [INFO] engines.outflow: T_BILL       91D    44     2026-04-05   2026-04-06   No adjustment needed
2026-04-14 13:14:28,417 [INFO] engines.outflow: T_BILL       182D   44     2026-04-05   2026-04-06   No adjustment needed
2026-04-14 13:14:28,418 [INFO] engines.outflow: T_BILL       364D   44     2026-04-05   2026-04-06   No adjustment needed
2026-04-14 13:14:28,418 [INFO] engines.outflow: T_BILL       91D    45     2026-04-12   2026-04-13   No adjustment needed
2026-04-14 13:14:28,418 [INFO] engines.outflow: T_BILL       182D   45     2026-04-12   2026-04-13   No adjustment needed
2026-04-14 13:14:28,419 [INFO] engines.outflow: T_BILL       364D   45     2026-04-12   2026-04-13   No adjustment needed
2026-04-14 13:14:28,419 [INFO] engines.outflow: T_BILL       91D    46     2026-04-19   2026-04-20   No adjustment needed
2026-04-14 13:14:28,420 [INFO] engines.outflow: T_BILL       182D   46     2026-04-19   2026-04-20   No adjustment needed
2026-04-14 13:14:28,421 [INFO] engines.outflow: T_BILL       364D   46     2026-04-19   2026-04-20   No adjustment needed
2026-04-14 13:14:28,422 [INFO] engines.outflow: T_BILL       91D    47     2026-04-26   2026-04-27   No adjustment needed
2026-04-14 13:14:28,423 [INFO] engines.outflow: T_BILL       182D   47     2026-04-26   2026-04-27   No adjustment needed
2026-04-14 13:14:28,423 [INFO] engines.outflow: T_BILL       364D   47     2026-04-26   2026-04-27   No adjustment needed
2026-04-14 13:14:28,424 [INFO] engines.outflow: T_BILL       91D    48     2026-05-03   2026-05-04   No adjustment needed
2026-04-14 13:14:28,425 [INFO] engines.outflow: T_BILL       182D   48     2026-05-03   2026-05-04   No adjustment needed
2026-04-14 13:14:28,425 [INFO] engines.outflow: T_BILL       364D   48     2026-05-03   2026-05-04   No adjustment needed
2026-04-14 13:14:28,426 [INFO] engines.outflow: T_BOND       2Y     B01    2026-04-08   2026-04-09   No adjustment needed
2026-04-14 13:14:28,426 [INFO] engines.outflow: T_BOND       5Y     B01    2026-04-08   2026-04-09   No adjustment needed
2026-04-14 13:14:28,426 [INFO] engines.outflow: T_BOND       10Y    B01    2026-04-08   2026-04-09   No adjustment needed
2026-04-14 13:14:28,427 [INFO] engines.outflow: T_BOND       15Y    B01    2026-04-08   2026-04-09   No adjustment needed
2026-04-14 13:14:28,427 [INFO] engines.outflow: T_BOND       2Y     B02    2026-04-22   2026-04-23   No adjustment needed
2026-04-14 13:14:28,428 [INFO] engines.outflow: T_BOND       5Y     B02    2026-04-22   2026-04-23   No adjustment needed
2026-04-14 13:14:28,428 [INFO] engines.outflow: T_BOND       10Y    B02    2026-04-22   2026-04-23   No adjustment needed
2026-04-14 13:14:28,429 [INFO] engines.outflow: T_BOND       15Y    B02    2026-04-22   2026-04-23   No adjustment needed
2026-04-14 13:14:28,429 [INFO] engines.outflow: FRTB         3Y_FRTB F01    2026-04-08   2026-04-09   No adjustment needed
2026-04-14 13:14:28,430 [INFO] engines.outflow: ============================================================
2026-04-14 13:14:28,690 [INFO] engines.aggregation: Built 123 daily flow rows
2026-04-14 13:14:28,724 [INFO] engines.pipeline: Pipeline complete: {'securities': 320, 'coupons': 6930, 'maturities': 320, 'auctions': 24, 'daily_rows': 123, 'errors': []}
2026-04-14 13:14:28,727 [INFO] run: Pipeline result: {'securities': 320, 'coupons': 6930, 'maturities': 320, 'auctions': 24, 'daily_rows': 123, 'errors': []}
2026-04-14 13:28:58,299 [INFO] db: Database initialised at C:\Users\Administrator\Desktop\mm_dashboard\data\mm_dashboard.db
2026-04-14 13:28:58,300 [INFO] run: Database initialised.
2026-04-14 13:29:00,531 [INFO] db: Database initialised at C:\Users\Administrator\Desktop\mm_dashboard\data\mm_dashboard.db
2026-04-14 13:29:00,601 [INFO] seeds_loader: Loaded 10 holidays for FY 2025-26
2026-04-14 13:29:00,602 [INFO] run: Seeded 10 holidays from holidays_2025-26.yaml
2026-04-14 13:29:05,185 [INFO] run: Running pipeline: 2026-02-13 to 2027-04-14
2026-04-14 13:29:05,265 [INFO] db: Database initialised at C:\Users\Administrator\Desktop\mm_dashboard\data\mm_dashboard.db
2026-04-14 13:29:05,314 [INFO] calendar_utils: Holiday calendar loaded: 10 public holidays
2026-04-14 13:29:05,315 [INFO] engines.pipeline: Loaded 10 holidays
2026-04-14 13:29:05,316 [INFO] fetchers.gsom: Fetching T_BOND from https://gsom.bb.org.bd/mtm.php
2026-04-14 13:29:08,170 [INFO] fetchers.http_client: Fetched https://gsom.bb.org.bd/mtm.php (311030 bytes)
2026-04-14 13:29:08,175 [INFO] fetchers.gsom: Fetched T_BOND: 311030 bytes
2026-04-14 13:29:08,963 [INFO] parsers.securities: Parsed 225 rows from https://gsom.bb.org.bd/mtm.php
2026-04-14 13:29:08,966 [INFO] engines.pipeline: GSOM T_BOND: fetched 225 rows from https://gsom.bb.org.bd/mtm.php
2026-04-14 13:29:08,969 [INFO] fetchers.gsom: Fetching FRTB from https://gsom.bb.org.bd/mtm-frtb.php
2026-04-14 13:29:10,836 [INFO] fetchers.http_client: Fetched https://gsom.bb.org.bd/mtm-frtb.php (19937 bytes)
2026-04-14 13:29:10,841 [INFO] fetchers.gsom: Fetched FRTB: 19937 bytes
2026-04-14 13:29:10,867 [INFO] parsers.securities: Parsed 8 rows from https://gsom.bb.org.bd/mtm-frtb.php
2026-04-14 13:29:10,869 [INFO] engines.pipeline: GSOM FRTB: fetched 8 rows from https://gsom.bb.org.bd/mtm-frtb.php
2026-04-14 13:29:10,870 [INFO] fetchers.gsom: Fetching T_BILL from https://gsom.bb.org.bd/mtm-bill.php
2026-04-14 13:29:12,386 [INFO] fetchers.http_client: Fetched https://gsom.bb.org.bd/mtm-bill.php (97038 bytes)
2026-04-14 13:29:12,392 [INFO] fetchers.gsom: Fetched T_BILL: 97038 bytes
2026-04-14 13:29:12,573 [INFO] parsers.securities: Parsed 87 T-Bill rows from https://gsom.bb.org.bd/mtm-bill.php
2026-04-14 13:29:12,575 [INFO] engines.pipeline: GSOM T_BILL: fetched 87 rows from https://gsom.bb.org.bd/mtm-bill.php
2026-04-14 13:29:12,575 [INFO] engines.pipeline: GSOM total: 320 securities fetched across all pages
2026-04-14 13:29:13,065 [INFO] engines.pipeline: Regenerating events for 323 securities in DB
2026-04-14 13:29:13,070 [WARNING] engines.inflow: ISIN BD0926341159: missing ['next_coupon_date'] — cannot generate coupon schedule
2026-04-14 13:29:13,075 [INFO] engines.inflow: ISIN BD0926421027: generated 5 coupon events (HFLY)
2026-04-14 13:29:13,091 [INFO] engines.inflow: ISIN BD0926381155: generated 31 coupon events (HFLY)
2026-04-14 13:29:13,137 [INFO] engines.inflow: ISIN BD0926461023: generated 5 coupon events (HFLY)
2026-04-14 13:29:13,141 [INFO] engines.inflow: ISIN BD0926421159: generated 31 coupon events (HFLY)
2026-04-14 13:29:13,178 [INFO] engines.inflow: ISIN BD0926431059: generated 11 coupon events (HFLY)
2026-04-14 13:29:13,196 [INFO] engines.inflow: ISIN BD0926021108: generated 21 coupon events (HFLY)
2026-04-14 13:29:13,222 [INFO] engines.inflow: ISIN BD0926061021: generated 5 coupon events (HFLY)
2026-04-14 13:29:13,231 [INFO] engines.inflow: ISIN BD0926071152: generated 31 coupon events (HFLY)
2026-04-14 13:29:13,272 [INFO] engines.inflow: ISIN BD0926541055: generated 11 coupon events (HFLY)
2026-04-14 13:29:13,287 [INFO] engines.inflow: ISIN BD0926111156: generated 31 coupon events (HFLY)
2026-04-14 13:29:13,325 [INFO] engines.inflow: ISIN BD0926141021: generated 5 coupon events (HFLY)
2026-04-14 13:29:13,336 [INFO] engines.inflow: ISIN BD0926151152: generated 31 coupon events (HFLY)
2026-04-14 13:29:13,384 [INFO] engines.inflow: ISIN BD0926191026: generated 5 coupon events (HFLY)
2026-04-14 13:29:13,393 [INFO] engines.inflow: ISIN BD0926601057: generated 11 coupon events (HFLY)
2026-04-14 13:29:13,410 [INFO] engines.inflow: ISIN BD0926191158: generated 31 coupon events (HFLY)
2026-04-14 13:29:13,444 [INFO] engines.inflow: ISIN BD0926231152: generated 31 coupon events (HFLY)
2026-04-14 13:29:13,481 [INFO] engines.inflow: ISIN BD0927271025: generated 5 coupon events (HFLY)
2026-04-14 13:29:13,489 [INFO] engines.inflow: ISIN BD0927271157: generated 31 coupon events (HFLY)
2026-04-14 13:29:13,529 [INFO] engines.inflow: ISIN BD0927251100: generated 21 coupon events (HFLY)
2026-04-14 13:29:13,553 [INFO] engines.inflow: ISIN BD0927311029: generated 5 coupon events (HFLY)
2026-04-14 13:29:13,559 [INFO] engines.inflow: ISIN BD0927311151: generated 31 coupon events (HFLY)
2026-04-14 13:29:13,591 [INFO] engines.inflow: ISIN BD0927351025: generated 5 coupon events (HFLY)
2026-04-14 13:29:13,604 [INFO] engines.inflow: ISIN BD0927761058: generated 11 coupon events (HFLY)
2026-04-14 13:29:13,628 [INFO] engines.inflow: ISIN BD0927351157: generated 31 coupon events (HFLY)
2026-04-14 13:29:13,663 [INFO] engines.inflow: ISIN BD0927391021: generated 5 coupon events (HFLY)
2026-04-14 13:29:13,673 [INFO] engines.inflow: ISIN BD0927391153: generated 31 coupon events (HFLY)
2026-04-14 13:29:13,711 [INFO] engines.inflow: ISIN BD0927431025: generated 5 coupon events (HFLY)
2026-04-14 13:29:13,720 [INFO] engines.inflow: ISIN BD0927841058: generated 11 coupon events (HFLY)
2026-04-14 13:29:13,736 [INFO] engines.inflow: ISIN BD0927431157: generated 31 coupon events (HFLY)
2026-04-14 13:29:13,774 [INFO] engines.inflow: ISIN BD0927471021: generated 5 coupon events (HFLY)
2026-04-14 13:29:13,781 [INFO] engines.inflow: ISIN BD0927471153: generated 31 coupon events (HFLY)
2026-04-14 13:29:13,822 [INFO] engines.inflow: ISIN BD0927011025: generated 5 coupon events (HFLY)
2026-04-14 13:29:13,829 [INFO] engines.inflow: ISIN BD0927021057: generated 11 coupon events (HFLY)
2026-04-14 13:29:13,848 [INFO] engines.inflow: ISIN BD0927031155: generated 31 coupon events (HFLY)
2026-04-14 13:29:13,882 [INFO] engines.inflow: ISIN BD0927041204: generated 41 coupon events (HFLY)
2026-04-14 13:29:13,921 [INFO] engines.inflow: ISIN BD0927081200: generated 40 coupon events (HFLY)
2026-04-14 13:29:13,950 [INFO] engines.inflow: ISIN BD0927091027: generated 5 coupon events (HFLY)
2026-04-14 13:29:13,961 [INFO] engines.inflow: ISIN BD0927111155: generated 31 coupon events (HFLY)
2026-04-14 13:29:13,997 [INFO] engines.inflow: ISIN BD0927121204: generated 41 coupon events (HFLY)
2026-04-14 13:29:14,066 [INFO] engines.inflow: ISIN BD0927151151: generated 31 coupon events (HFLY)
2026-04-14 13:29:14,130 [INFO] engines.inflow: ISIN BD0927101107: generated 21 coupon events (HFLY)
2026-04-14 13:29:14,176 [INFO] engines.inflow: ISIN BD0927161200: generated 41 coupon events (HFLY)
2026-04-14 13:29:14,238 [INFO] engines.inflow: ISIN BD0927171027: generated 5 coupon events (HFLY)
2026-04-14 13:29:14,250 [INFO] engines.inflow: ISIN BD0927181059: generated 11 coupon events (HFLY)
2026-04-14 13:29:14,270 [INFO] engines.inflow: ISIN BD0927191157: generated 31 coupon events (HFLY)
2026-04-14 13:29:14,311 [INFO] engines.inflow: ISIN BD0927201204: generated 41 coupon events (HFLY)
2026-04-14 13:29:14,354 [INFO] engines.inflow: ISIN BD0927231151: generated 31 coupon events (HFLY)
2026-04-14 13:29:14,389 [INFO] engines.inflow: ISIN BD0927241200: generated 41 coupon events (HFLY)
2026-04-14 13:29:14,432 [INFO] engines.inflow: ISIN BD0928261058: generated 11 coupon events (HFLY)
2026-04-14 13:29:14,441 [INFO] engines.inflow: ISIN BD0928271156: generated 31 coupon events (HFLY)
2026-04-14 13:29:14,470 [INFO] engines.inflow: ISIN BD0928281205: generated 41 coupon events (HFLY)
2026-04-14 13:29:14,516 [INFO] engines.inflow: ISIN BD0928311150: generated 31 coupon events (HFLY)
2026-04-14 13:29:14,555 [INFO] engines.inflow: ISIN BD0928321209: generated 41 coupon events (HFLY)
2026-04-14 13:29:14,595 [INFO] engines.inflow: ISIN BD0928351156: generated 31 coupon events (HFLY)
2026-04-14 13:29:14,616 [INFO] engines.inflow: ISIN BD0928361205: generated 41 coupon events (HFLY)
2026-04-14 13:29:14,664 [INFO] engines.inflow: ISIN BD0928381054: generated 11 coupon events (HFLY)
2026-04-14 13:29:14,677 [INFO] engines.inflow: ISIN BD0928391152: generated 31 coupon events (HFLY)
2026-04-14 13:29:14,721 [INFO] engines.inflow: ISIN BD0928401209: generated 41 coupon events (HFLY)
2026-04-14 13:29:14,761 [INFO] engines.inflow: ISIN BD0928431156: generated 31 coupon events (HFLY)
2026-04-14 13:29:14,805 [INFO] engines.inflow: ISIN BD0928441205: generated 41 coupon events (HFLY)
2026-04-14 13:29:14,846 [INFO] engines.inflow: ISIN BD0928461054: generated 11 coupon events (HFLY)
2026-04-14 13:29:14,860 [INFO] engines.inflow: ISIN BD0928471152: generated 31 coupon events (HFLY)
2026-04-14 13:29:14,895 [INFO] engines.inflow: ISIN BD0928331109: generated 21 coupon events (HFLY)
2026-04-14 13:29:14,929 [INFO] engines.inflow: ISIN BD0928481201: generated 41 coupon events (HFLY)
2026-04-14 13:29:14,967 [INFO] engines.inflow: ISIN BD0928041203: generated 41 coupon events (HFLY)
2026-04-14 13:29:15,008 [INFO] engines.inflow: ISIN BD0928041153: generated 31 coupon events (HFLY)
2026-04-14 13:29:15,039 [INFO] engines.inflow: ISIN BD0928061052: generated 11 coupon events (HFLY)
2026-04-14 13:29:15,054 [INFO] engines.inflow: ISIN BD0928081209: generated 41 coupon events (HFLY)
2026-04-14 13:29:15,099 [INFO] engines.inflow: ISIN BD0928081159: generated 30 coupon events (HFLY)
2026-04-14 13:29:15,128 [INFO] engines.inflow: ISIN BD0928101056: generated 11 coupon events (HFLY)
2026-04-14 13:29:15,142 [INFO] engines.inflow: ISIN BD0928121203: generated 41 coupon events (HFLY)
2026-04-14 13:29:15,194 [INFO] engines.inflow: ISIN BD0928121153: generated 31 coupon events (HFLY)
2026-04-14 13:29:15,223 [INFO] engines.inflow: ISIN BD0928161159: generated 31 coupon events (HFLY)
2026-04-14 13:29:15,265 [INFO] engines.inflow: ISIN BD0928161209: generated 41 coupon events (HFLY)
2026-04-14 13:29:15,306 [INFO] engines.inflow: ISIN BD0928181058: generated 11 coupon events (HFLY)
2026-04-14 13:29:15,318 [INFO] engines.inflow: ISIN BD0928131103: generated 21 coupon events (HFLY)
2026-04-14 13:29:15,344 [INFO] engines.inflow: ISIN BD0928201203: generated 41 coupon events (HFLY)
2026-04-14 13:29:15,387 [INFO] engines.inflow: ISIN BD0928201153: generated 31 coupon events (HFLY)
2026-04-14 13:29:15,421 [INFO] engines.inflow: ISIN BD0928221052: generated 11 coupon events (HFLY)
2026-04-14 13:29:15,436 [INFO] engines.inflow: ISIN BD0928241209: generated 41 coupon events (HFLY)
2026-04-14 13:29:15,478 [INFO] engines.inflow: ISIN BD0928241159: generated 31 coupon events (HFLY)
2026-04-14 13:29:15,503 [INFO] engines.inflow: ISIN BD0929281204: generated 41 coupon events (HFLY)
2026-04-14 13:29:15,543 [INFO] engines.inflow: ISIN BD0929281154: generated 31 coupon events (HFLY)
2026-04-14 13:29:15,575 [INFO] engines.inflow: ISIN BD0929321208: generated 41 coupon events (HFLY)
2026-04-14 13:29:15,617 [INFO] engines.inflow: ISIN BD0929321158: generated 31 coupon events (HFLY)
2026-04-14 13:29:15,657 [INFO] engines.inflow: ISIN BD0929361204: generated 41 coupon events (HFLY)
2026-04-14 13:29:15,735 [INFO] engines.inflow: ISIN BD0929361154: generated 31 coupon events (HFLY)
2026-04-14 13:29:15,795 [INFO] engines.inflow: ISIN BD0929401059: generated 11 coupon events (HFLY)
2026-04-14 13:29:15,810 [INFO] engines.inflow: ISIN BD0929311100: generated 21 coupon events (HFLY)
2026-04-14 13:29:15,841 [INFO] engines.inflow: ISIN BD0929401158: generated 31 coupon events (HFLY)
2026-04-14 13:29:15,879 [INFO] engines.inflow: ISIN BD0929401208: generated 41 coupon events (HFLY)
2026-04-14 13:29:15,925 [INFO] engines.inflow: ISIN BD0929431056: generated 11 coupon events (HFLY)
2026-04-14 13:29:15,942 [INFO] engines.inflow: ISIN BD0929441204: generated 41 coupon events (HFLY)
2026-04-14 13:29:15,994 [INFO] engines.inflow: ISIN BD0929441154: generated 31 coupon events (HFLY)
2026-04-14 13:29:16,024 [INFO] engines.inflow: ISIN BD0929381103: generated 21 coupon events (HFLY)
2026-04-14 13:29:16,043 [INFO] engines.inflow: ISIN BD0929481200: generated 41 coupon events (HFLY)
2026-04-14 13:29:16,097 [INFO] engines.inflow: ISIN BD0929481150: generated 31 coupon events (HFLY)
2026-04-14 13:29:16,135 [INFO] engines.inflow: ISIN BD0929041152: generated 31 coupon events (HFLY)
2026-04-14 13:29:16,156 [INFO] engines.inflow: ISIN BD0929041202: generated 41 coupon events (HFLY)
2026-04-14 13:29:16,197 [INFO] engines.inflow: ISIN BD0929061101: generated 21 coupon events (HFLY)
2026-04-14 13:29:16,235 [INFO] engines.inflow: ISIN BD0929081208: generated 41 coupon events (HFLY)
2026-04-14 13:29:16,314 [INFO] engines.inflow: ISIN BD0929081158: generated 31 coupon events (HFLY)
2026-04-14 13:29:16,348 [INFO] engines.inflow: ISIN BD0929121152: generated 31 coupon events (HFLY)
2026-04-14 13:29:16,394 [INFO] engines.inflow: ISIN BD0929151050: generated 11 coupon events (HFLY)
2026-04-14 13:29:16,407 [INFO] engines.inflow: ISIN BD0929161208: generated 41 coupon events (HFLY)
2026-04-14 13:29:16,447 [INFO] engines.inflow: ISIN BD0929161158: generated 31 coupon events (HFLY)
2026-04-14 13:29:16,471 [INFO] engines.inflow: ISIN BD0929201152: generated 31 coupon events (HFLY)
2026-04-14 13:29:16,499 [INFO] engines.inflow: ISIN BD0929241059: generated 11 coupon events (HFLY)
2026-04-14 13:29:16,516 [INFO] engines.inflow: ISIN BD0929221101: generated 21 coupon events (HFLY)
2026-04-14 13:29:16,538 [INFO] engines.inflow: ISIN BD0929201202: generated 41 coupon events (HFLY)
2026-04-14 13:29:16,588 [INFO] engines.inflow: ISIN BD0930261104: generated 21 coupon events (HFLY)
2026-04-14 13:29:16,609 [INFO] engines.inflow: ISIN BD0930321056: generated 11 coupon events (HFLY)
2026-04-14 13:29:16,624 [INFO] engines.inflow: ISIN BD0930251204: generated 41 coupon events (HFLY)
2026-04-14 13:29:16,664 [INFO] engines.inflow: ISIN BD0930281201: generated 41 coupon events (HFLY)
2026-04-14 13:29:16,696 [INFO] engines.inflow: ISIN BD0930401056: generated 11 coupon events (HFLY)
2026-04-14 13:29:16,706 [INFO] engines.inflow: ISIN BD0930321205: generated 41 coupon events (HFLY)
2026-04-14 13:29:16,747 [INFO] engines.inflow: ISIN BD0930381100: generated 21 coupon events (HFLY)
2026-04-14 13:29:16,769 [INFO] engines.inflow: ISIN BD0930361201: generated 41 coupon events (HFLY)
2026-04-14 13:29:16,810 [INFO] engines.inflow: ISIN BD0930431103: generated 21 coupon events (HFLY)
2026-04-14 13:29:16,825 [INFO] engines.inflow: ISIN BD0930481058: generated 11 coupon events (HFLY)
2026-04-14 13:29:16,841 [INFO] engines.inflow: ISIN BD0930401205: generated 41 coupon events (HFLY)
2026-04-14 13:29:16,880 [INFO] engines.inflow: ISIN BD0930031101: generated 21 coupon events (HFLY)
2026-04-14 13:29:16,905 [INFO] engines.inflow: ISIN BD0930041209: generated 41 coupon events (HFLY)
2026-04-14 13:29:16,945 [INFO] engines.inflow: ISIN BD0930041159: generated 31 coupon events (HFLY)
2026-04-14 13:29:16,971 [INFO] engines.inflow: ISIN BD0930081205: generated 41 coupon events (HFLY)
2026-04-14 13:29:17,008 [INFO] engines.inflow: ISIN BD0930101052: generated 11 coupon events (HFLY)
2026-04-14 13:29:17,020 [INFO] engines.inflow: ISIN BD0930121159: generated 31 coupon events (HFLY)
2026-04-14 13:29:17,050 [INFO] engines.inflow: ISIN BD0930121209: generated 41 coupon events (HFLY)
2026-04-14 13:29:17,091 [INFO] engines.inflow: ISIN BD0930141108: generated 21 coupon events (HFLY)
2026-04-14 13:29:17,115 [INFO] engines.inflow: ISIN BD0930161205: generated 41 coupon events (HFLY)
2026-04-14 13:29:17,162 [INFO] engines.inflow: ISIN BD0930201209: generated 41 coupon events (HFLY)
2026-04-14 13:29:17,195 [INFO] engines.inflow: ISIN BD0930211059: generated 11 coupon events (HFLY)
2026-04-14 13:29:17,207 [INFO] engines.inflow: ISIN BD0930241205: generated 41 coupon events (HFLY)
2026-04-14 13:29:17,252 [INFO] engines.inflow: ISIN BD0931281200: generated 41 coupon events (HFLY)
2026-04-14 13:29:17,370 [INFO] engines.inflow: ISIN BD0931301107: generated 21 coupon events (HFLY)
2026-04-14 13:29:17,555 [INFO] engines.inflow: ISIN BD0931321204: generated 41 coupon events (HFLY)
2026-04-14 13:29:17,656 [INFO] engines.inflow: ISIN BD0931361200: generated 41 coupon events (HFLY)
2026-04-14 13:29:17,714 [INFO] engines.inflow: ISIN BD0931401204: generated 41 coupon events (HFLY)
2026-04-14 13:29:17,787 [INFO] engines.inflow: ISIN BD0931401154: generated 31 coupon events (HFLY)
2026-04-14 13:29:17,842 [INFO] engines.inflow: ISIN BD0931401105: generated 21 coupon events (HFLY)
2026-04-14 13:29:17,885 [INFO] engines.inflow: ISIN BD0931441200: generated 41 coupon events (HFLY)
2026-04-14 13:29:17,936 [INFO] engines.inflow: ISIN BD0931471207: generated 41 coupon events (HFLY)
2026-04-14 13:29:17,972 [INFO] engines.inflow: ISIN BD0931481107: generated 21 coupon events (HFLY)
2026-04-14 13:29:17,993 [INFO] engines.inflow: ISIN BD0931041208: generated 41 coupon events (HFLY)
2026-04-14 13:29:18,041 [INFO] engines.inflow: ISIN BD0931081204: generated 41 coupon events (HFLY)
2026-04-14 13:29:18,079 [INFO] engines.inflow: ISIN BD0931121208: generated 41 coupon events (HFLY)
2026-04-14 13:29:18,112 [INFO] engines.inflow: ISIN BD0931561106: generated 21 coupon events (HFLY)
2026-04-14 13:29:18,132 [INFO] engines.inflow: ISIN BD0931161204: generated 41 coupon events (HFLY)
2026-04-14 13:29:18,175 [INFO] engines.inflow: ISIN BD0931201208: generated 41 coupon events (HFLY)
2026-04-14 13:29:18,214 [INFO] engines.inflow: ISIN BD0931241204: generated 41 coupon events (HFLY)
2026-04-14 13:29:18,257 [INFO] engines.inflow: ISIN BD0932691100: generated 21 coupon events (HFLY)
2026-04-14 13:29:18,282 [INFO] engines.inflow: ISIN BD0932281209: generated 41 coupon events (HFLY)
2026-04-14 13:29:18,325 [INFO] engines.inflow: ISIN BD0932321203: generated 40 coupon events (HFLY)
2026-04-14 13:29:18,366 [INFO] engines.inflow: ISIN BD0932361209: generated 41 coupon events (HFLY)
2026-04-14 13:29:18,411 [INFO] engines.inflow: ISIN BD0932401203: generated 41 coupon events (HFLY)
2026-04-14 13:29:18,459 [INFO] engines.inflow: ISIN BD0932851100: generated 21 coupon events (HFLY)
2026-04-14 13:29:18,487 [INFO] engines.inflow: ISIN BD0932441209: generated 41 coupon events (HFLY)
2026-04-14 13:29:18,529 [INFO] engines.inflow: ISIN BD0932891106: generated 21 coupon events (HFLY)
2026-04-14 13:29:18,552 [INFO] engines.inflow: ISIN BD0932481205: generated 41 coupon events (HFLY)
2026-04-14 13:29:18,597 [INFO] engines.inflow: ISIN BD0932041207: generated 41 coupon events (HFLY)
2026-04-14 13:29:18,639 [INFO] engines.inflow: ISIN BD0932081203: generated 40 coupon events (HFLY)
2026-04-14 13:29:18,681 [INFO] engines.inflow: ISIN BD0932111109: generated 21 coupon events (HFLY)
2026-04-14 13:29:18,709 [INFO] engines.inflow: ISIN BD0932121207: generated 41 coupon events (HFLY)
2026-04-14 13:29:18,755 [INFO] engines.inflow: ISIN BD0932161203: generated 41 coupon events (HFLY)
2026-04-14 13:29:18,795 [INFO] engines.inflow: ISIN BD0932201207: generated 41 coupon events (HFLY)
2026-04-14 13:29:18,835 [INFO] engines.inflow: ISIN BD0932231105: generated 21 coupon events (HFLY)
2026-04-14 13:29:18,850 [INFO] engines.inflow: ISIN BD0932241203: generated 41 coupon events (HFLY)
2026-04-14 13:29:18,892 [INFO] engines.inflow: ISIN BD0933281208: generated 41 coupon events (HFLY)
2026-04-14 13:29:18,927 [INFO] engines.inflow: ISIN BD0933321202: generated 41 coupon events (HFLY)
2026-04-14 13:29:18,959 [INFO] engines.inflow: ISIN BD0933351100: generated 21 coupon events (HFLY)
2026-04-14 13:29:18,975 [INFO] engines.inflow: ISIN BD0933361208: generated 41 coupon events (HFLY)
2026-04-14 13:29:19,010 [INFO] engines.inflow: ISIN BD0933401202: generated 41 coupon events (HFLY)
2026-04-14 13:29:19,053 [INFO] engines.inflow: ISIN BD0933441208: generated 41 coupon events (HFLY)
2026-04-14 13:29:19,090 [INFO] engines.inflow: ISIN BD0933481204: generated 41 coupon events (HFLY)
2026-04-14 13:29:19,129 [INFO] engines.inflow: ISIN BD0933041206: generated 41 coupon events (HFLY)
2026-04-14 13:29:19,175 [INFO] engines.inflow: ISIN BD0933071104: generated 21 coupon events (HFLY)
2026-04-14 13:29:19,203 [INFO] engines.inflow: ISIN BD0933081202: generated 40 coupon events (HFLY)
2026-04-14 13:29:19,237 [INFO] engines.inflow: ISIN BD0933121206: generated 41 coupon events (HFLY)
2026-04-14 13:29:19,276 [INFO] engines.inflow: ISIN BD0933101158: generated 31 coupon events (HFLY)
2026-04-14 13:29:19,309 [INFO] engines.inflow: ISIN BD0933161202: generated 41 coupon events (HFLY)
2026-04-14 13:29:19,343 [INFO] engines.inflow: ISIN BD0933201206: generated 41 coupon events (HFLY)
2026-04-14 13:29:19,385 [INFO] engines.inflow: ISIN BD0933141154: generated 31 coupon events (HFLY)
2026-04-14 13:29:19,421 [INFO] engines.inflow: ISIN BD0933241202: generated 41 coupon events (HFLY)
2026-04-14 13:29:19,466 [INFO] engines.inflow: ISIN BD0934281207: generated 41 coupon events (HFLY)
2026-04-14 13:29:19,505 [INFO] engines.inflow: ISIN BD0934311103: generated 21 coupon events (HFLY)
2026-04-14 13:29:19,528 [INFO] engines.inflow: ISIN BD0934321201: generated 41 coupon events (HFLY)
2026-04-14 13:29:19,576 [INFO] engines.inflow: ISIN BD0934361207: generated 41 coupon events (HFLY)
2026-04-14 13:29:19,609 [INFO] engines.inflow: ISIN BD0934401102: generated 21 coupon events (HFLY)
2026-04-14 13:29:19,632 [INFO] engines.inflow: ISIN BD0934401201: generated 41 coupon events (HFLY)
2026-04-14 13:29:19,678 [INFO] engines.inflow: ISIN BD0934441207: generated 41 coupon events (HFLY)
2026-04-14 13:29:19,710 [INFO] engines.inflow: ISIN BD0934481104: generated 21 coupon events (HFLY)
2026-04-14 13:29:19,731 [INFO] engines.inflow: ISIN BD0934481203: generated 41 coupon events (HFLY)
2026-04-14 13:29:19,779 [INFO] engines.inflow: ISIN BD0934041205: generated 41 coupon events (HFLY)
2026-04-14 13:29:19,822 [INFO] engines.inflow: ISIN BD0934081201: generated 41 coupon events (HFLY)
2026-04-14 13:29:19,862 [INFO] engines.inflow: ISIN BD0934121205: generated 41 coupon events (HFLY)
2026-04-14 13:29:19,897 [INFO] engines.inflow: ISIN BD0934161201: generated 41 coupon events (HFLY)
2026-04-14 13:29:19,932 [INFO] engines.inflow: ISIN BD0934201205: generated 41 coupon events (HFLY)
2026-04-14 13:29:19,980 [INFO] engines.inflow: ISIN BD0935291106: generated 21 coupon events (HFLY)
2026-04-14 13:29:19,999 [INFO] engines.inflow: ISIN BD0935371106: generated 21 coupon events (HFLY)
2026-04-14 13:29:20,027 [INFO] engines.inflow: ISIN BD0935391153: generated 31 coupon events (HFLY)
2026-04-14 13:29:20,069 [INFO] engines.inflow: ISIN BD0935451106: generated 21 coupon events (HFLY)
2026-04-14 13:29:20,087 [INFO] engines.inflow: ISIN BD0935441156: generated 31 coupon events (HFLY)
2026-04-14 13:29:20,114 [INFO] engines.inflow: ISIN BD0935031106: generated 21 coupon events (HFLY)
2026-04-14 13:29:20,138 [INFO] engines.inflow: ISIN BD0935041204: generated 41 coupon events (HFLY)
2026-04-14 13:29:20,181 [INFO] engines.inflow: ISIN BD0935191108: generated 21 coupon events (HFLY)
2026-04-14 13:29:20,202 [INFO] engines.inflow: ISIN BD0935201204: generated 41 coupon events (HFLY)
2026-04-14 13:29:20,248 [INFO] engines.inflow: ISIN BD0936401209: generated 41 coupon events (HFLY)
2026-04-14 13:29:20,297 [INFO] engines.inflow: ISIN BD0936491150: generated 31 coupon events (HFLY)
2026-04-14 13:29:20,355 [INFO] engines.inflow: ISIN BD0937821157: generated 31 coupon events (HFLY)
2026-04-14 13:29:20,403 [INFO] engines.inflow: ISIN BD0937901157: generated 31 coupon events (HFLY)
2026-04-14 13:29:20,442 [INFO] engines.inflow: ISIN BD0938141209: generated 41 coupon events (HFLY)
2026-04-14 13:29:20,485 [INFO] engines.inflow: ISIN BD0939371151: generated 31 coupon events (HFLY)
2026-04-14 13:29:20,526 [INFO] engines.inflow: ISIN BD0939391209: generated 41 coupon events (HFLY)
2026-04-14 13:29:20,567 [INFO] engines.inflow: ISIN BD0940381157: generated 31 coupon events (HFLY)
2026-04-14 13:29:20,597 [INFO] engines.inflow: ISIN BD0940401203: generated 41 coupon events (HFLY)
2026-04-14 13:29:20,634 [INFO] engines.inflow: ISIN BD0940441209: generated 41 coupon events (HFLY)
2026-04-14 13:29:20,665 [INFO] engines.inflow: ISIN BD0940081153: generated 31 coupon events (HFLY)
2026-04-14 13:29:20,691 [INFO] engines.inflow: ISIN BD0941451207: generated 41 coupon events (HFLY)
2026-04-14 13:29:20,733 [INFO] engines.inflow: ISIN BD0942781206: generated 41 coupon events (HFLY)
2026-04-14 13:29:20,777 [INFO] engines.inflow: ISIN BD0942901200: generated 41 coupon events (HFLY)
2026-04-14 13:29:20,908 [INFO] engines.inflow: ISIN BD0942241201: generated 41 coupon events (HFLY)
2026-04-14 13:29:20,945 [INFO] engines.inflow: ISIN BD0943281206: generated 41 coupon events (HFLY)
2026-04-14 13:29:20,989 [INFO] engines.inflow: ISIN BD0944051202: generated 41 coupon events (HFLY)
2026-04-14 13:29:21,030 [INFO] engines.inflow: ISIN BD0945461202: generated 41 coupon events (HFLY)
2026-04-14 13:29:21,068 [INFO] engines.inflow: ISIN BD0945081208: generated 41 coupon events (HFLY)
2026-04-14 13:29:21,107 [INFO] engines.inflow: ISIN BD0927141038: generated 13 coupon events (QRTY)
2026-04-14 13:29:21,118 [INFO] engines.inflow: ISIN BD0927231037: generated 13 coupon events (QRTY)
2026-04-14 13:29:21,136 [INFO] engines.inflow: ISIN BD0928271032: generated 13 coupon events (QRTY)
2026-04-14 13:29:21,152 [INFO] engines.inflow: ISIN BD0928431032: generated 13 coupon events (QRTY)
2026-04-14 13:29:21,171 [INFO] engines.inflow: ISIN BD0928471038: generated 13 coupon events (QRTY)
2026-04-14 13:29:21,192 [INFO] engines.inflow: ISIN BD0928011032: generated 13 coupon events (QRTY)
2026-04-14 13:29:21,210 [INFO] engines.inflow: ISIN BD0928131038: generated 13 coupon events (QRTY)
2026-04-14 13:29:21,229 [INFO] engines.inflow: ISIN BD0929261032: generated 13 coupon events (QRTY)
2026-04-14 13:29:21,363 [INFO] engines.pipeline: Events: 323 maturities, 6930 coupon dates
2026-04-14 13:29:21,367 [INFO] fetchers.auction_parser: Auction HTML parse from C:\Users\Administrator\Desktop\mm_dashboard\data\seeds\auction_calendar.csv: 24 total rows | T-Bill: 15 | T-Bond: 8 | FRTB: 1
2026-04-14 13:29:21,367 [INFO] engines.outflow: AUCTION | T_BILL 91D  | auction_date=2026-04-05 | adjusted_outflow_date=2026-04-06 | roll=0d | reason: No adjustment needed
2026-04-14 13:29:21,368 [INFO] engines.outflow: AUCTION | T_BILL 182D | auction_date=2026-04-05 | adjusted_outflow_date=2026-04-06 | roll=0d | reason: No adjustment needed
2026-04-14 13:29:21,368 [INFO] engines.outflow: AUCTION | T_BILL 364D | auction_date=2026-04-05 | adjusted_outflow_date=2026-04-06 | roll=0d | reason: No adjustment needed
2026-04-14 13:29:21,368 [INFO] engines.outflow: AUCTION | T_BILL 91D  | auction_date=2026-04-12 | adjusted_outflow_date=2026-04-13 | roll=0d | reason: No adjustment needed
2026-04-14 13:29:21,368 [INFO] engines.outflow: AUCTION | T_BILL 182D | auction_date=2026-04-12 | adjusted_outflow_date=2026-04-13 | roll=0d | reason: No adjustment needed
2026-04-14 13:29:21,369 [INFO] engines.outflow: AUCTION | T_BILL 364D | auction_date=2026-04-12 | adjusted_outflow_date=2026-04-13 | roll=0d | reason: No adjustment needed
2026-04-14 13:29:21,369 [INFO] engines.outflow: AUCTION | T_BILL 91D  | auction_date=2026-04-19 | adjusted_outflow_date=2026-04-20 | roll=0d | reason: No adjustment needed
2026-04-14 13:29:21,369 [INFO] engines.outflow: AUCTION | T_BILL 182D | auction_date=2026-04-19 | adjusted_outflow_date=2026-04-20 | roll=0d | reason: No adjustment needed
2026-04-14 13:29:21,370 [INFO] engines.outflow: AUCTION | T_BILL 364D | auction_date=2026-04-19 | adjusted_outflow_date=2026-04-20 | roll=0d | reason: No adjustment needed
2026-04-14 13:29:21,370 [INFO] engines.outflow: AUCTION | T_BILL 91D  | auction_date=2026-04-26 | adjusted_outflow_date=2026-04-27 | roll=0d | reason: No adjustment needed
2026-04-14 13:29:21,370 [INFO] engines.outflow: AUCTION | T_BILL 182D | auction_date=2026-04-26 | adjusted_outflow_date=2026-04-27 | roll=0d | reason: No adjustment needed
2026-04-14 13:29:21,370 [INFO] engines.outflow: AUCTION | T_BILL 364D | auction_date=2026-04-26 | adjusted_outflow_date=2026-04-27 | roll=0d | reason: No adjustment needed
2026-04-14 13:29:21,371 [INFO] engines.outflow: AUCTION | T_BILL 91D  | auction_date=2026-05-03 | adjusted_outflow_date=2026-05-04 | roll=0d | reason: No adjustment needed
2026-04-14 13:29:21,371 [INFO] engines.outflow: AUCTION | T_BILL 182D | auction_date=2026-05-03 | adjusted_outflow_date=2026-05-04 | roll=0d | reason: No adjustment needed
2026-04-14 13:29:21,371 [INFO] engines.outflow: AUCTION | T_BILL 364D | auction_date=2026-05-03 | adjusted_outflow_date=2026-05-04 | roll=0d | reason: No adjustment needed
2026-04-14 13:29:21,372 [INFO] engines.outflow: AUCTION | T_BOND 2Y   | auction_date=2026-04-08 | adjusted_outflow_date=2026-04-09 | roll=0d | reason: No adjustment needed
2026-04-14 13:29:21,372 [INFO] engines.outflow: AUCTION | T_BOND 5Y   | auction_date=2026-04-08 | adjusted_outflow_date=2026-04-09 | roll=0d | reason: No adjustment needed
2026-04-14 13:29:21,372 [INFO] engines.outflow: AUCTION | T_BOND 10Y  | auction_date=2026-04-08 | adjusted_outflow_date=2026-04-09 | roll=0d | reason: No adjustment needed
2026-04-14 13:29:21,372 [INFO] engines.outflow: AUCTION | T_BOND 15Y  | auction_date=2026-04-08 | adjusted_outflow_date=2026-04-09 | roll=0d | reason: No adjustment needed
2026-04-14 13:29:21,373 [INFO] engines.outflow: AUCTION | T_BOND 2Y   | auction_date=2026-04-22 | adjusted_outflow_date=2026-04-23 | roll=0d | reason: No adjustment needed
2026-04-14 13:29:21,373 [INFO] engines.outflow: AUCTION | T_BOND 5Y   | auction_date=2026-04-22 | adjusted_outflow_date=2026-04-23 | roll=0d | reason: No adjustment needed
2026-04-14 13:29:21,373 [INFO] engines.outflow: AUCTION | T_BOND 10Y  | auction_date=2026-04-22 | adjusted_outflow_date=2026-04-23 | roll=0d | reason: No adjustment needed
2026-04-14 13:29:21,373 [INFO] engines.outflow: AUCTION | T_BOND 15Y  | auction_date=2026-04-22 | adjusted_outflow_date=2026-04-23 | roll=0d | reason: No adjustment needed
2026-04-14 13:29:21,374 [INFO] engines.outflow: AUCTION | FRTB 3Y_FRTB | auction_date=2026-04-08 | adjusted_outflow_date=2026-04-09 | roll=0d | reason: No adjustment needed
2026-04-14 13:29:21,374 [INFO] engines.outflow: ============================================================
2026-04-14 13:29:21,374 [INFO] engines.outflow: AUCTION OUTFLOW SUMMARY (24 events, 0 errors)
2026-04-14 13:29:21,374 [INFO] engines.outflow: Type         Tenor  AucNo  Auction Date Outflow Date Adjustment
2026-04-14 13:29:21,374 [INFO] engines.outflow: T_BILL       91D    44     2026-04-05   2026-04-06   No adjustment needed
2026-04-14 13:29:21,374 [INFO] engines.outflow: T_BILL       182D   44     2026-04-05   2026-04-06   No adjustment needed
2026-04-14 13:29:21,375 [INFO] engines.outflow: T_BILL       364D   44     2026-04-05   2026-04-06   No adjustment needed
2026-04-14 13:29:21,375 [INFO] engines.outflow: T_BILL       91D    45     2026-04-12   2026-04-13   No adjustment needed
2026-04-14 13:29:21,375 [INFO] engines.outflow: T_BILL       182D   45     2026-04-12   2026-04-13   No adjustment needed
2026-04-14 13:29:21,375 [INFO] engines.outflow: T_BILL       364D   45     2026-04-12   2026-04-13   No adjustment needed
2026-04-14 13:29:21,376 [INFO] engines.outflow: T_BILL       91D    46     2026-04-19   2026-04-20   No adjustment needed
2026-04-14 13:29:21,376 [INFO] engines.outflow: T_BILL       182D   46     2026-04-19   2026-04-20   No adjustment needed
2026-04-14 13:29:21,376 [INFO] engines.outflow: T_BILL       364D   46     2026-04-19   2026-04-20   No adjustment needed
2026-04-14 13:29:21,377 [INFO] engines.outflow: T_BILL       91D    47     2026-04-26   2026-04-27   No adjustment needed
2026-04-14 13:29:21,377 [INFO] engines.outflow: T_BILL       182D   47     2026-04-26   2026-04-27   No adjustment needed
2026-04-14 13:29:21,377 [INFO] engines.outflow: T_BILL       364D   47     2026-04-26   2026-04-27   No adjustment needed
2026-04-14 13:29:21,378 [INFO] engines.outflow: T_BILL       91D    48     2026-05-03   2026-05-04   No adjustment needed
2026-04-14 13:29:21,378 [INFO] engines.outflow: T_BILL       182D   48     2026-05-03   2026-05-04   No adjustment needed
2026-04-14 13:29:21,379 [INFO] engines.outflow: T_BILL       364D   48     2026-05-03   2026-05-04   No adjustment needed
2026-04-14 13:29:21,379 [INFO] engines.outflow: T_BOND       2Y     B01    2026-04-08   2026-04-09   No adjustment needed
2026-04-14 13:29:21,380 [INFO] engines.outflow: T_BOND       5Y     B01    2026-04-08   2026-04-09   No adjustment needed
2026-04-14 13:29:21,380 [INFO] engines.outflow: T_BOND       10Y    B01    2026-04-08   2026-04-09   No adjustment needed
2026-04-14 13:29:21,381 [INFO] engines.outflow: T_BOND       15Y    B01    2026-04-08   2026-04-09   No adjustment needed
2026-04-14 13:29:21,381 [INFO] engines.outflow: T_BOND       2Y     B02    2026-04-22   2026-04-23   No adjustment needed
2026-04-14 13:29:21,381 [INFO] engines.outflow: T_BOND       5Y     B02    2026-04-22   2026-04-23   No adjustment needed
2026-04-14 13:29:21,382 [INFO] engines.outflow: T_BOND       10Y    B02    2026-04-22   2026-04-23   No adjustment needed
2026-04-14 13:29:21,382 [INFO] engines.outflow: T_BOND       15Y    B02    2026-04-22   2026-04-23   No adjustment needed
2026-04-14 13:29:21,382 [INFO] engines.outflow: FRTB         3Y_FRTB F01    2026-04-08   2026-04-09   No adjustment needed
2026-04-14 13:29:21,383 [INFO] engines.outflow: ============================================================
2026-04-14 13:29:21,392 [ERROR] engines.pipeline: Pipeline failed with unhandled exception
Traceback (most recent call last):
  File "C:\Users\Administrator\Desktop\mm_dashboard\engines\pipeline.py", line 301, in run_pipeline
    _upsert_auction(session, evt)
    ~~~~~~~~~~~~~~~^^^^^^^^^^^^^^
  File "C:\Users\Administrator\Desktop\mm_dashboard\engines\pipeline.py", line 129, in _upsert_auction
    existing.roll_reason              = event["roll_reason"]
                                        ~~~~~^^^^^^^^^^^^^^^
KeyError: 'roll_reason'
2026-04-14 13:29:21,401 [INFO] run: Pipeline result: {'securities_fetched': 320, 'securities_in_db': 323, 'securities': 320, 'coupons': 6930, 'maturities': 323, 'auctions': 0, 'daily_rows': 0, 'errors': ["FATAL: 'roll_reason'"]}
2026-04-14 13:29:21,402 [ERROR] run: Errors: ["FATAL: 'roll_reason'"]
2026-04-14 13:49:34,491 [INFO] run: Running pipeline: 2026-02-13 to 2027-04-14
2026-04-14 13:49:34,535 [INFO] db: Database initialised at C:\Users\Administrator\Desktop\mm_dashboard\data\mm_dashboard.db
2026-04-14 13:49:34,561 [INFO] calendar_utils: Holiday calendar loaded: 10 public holidays
2026-04-14 13:49:34,562 [INFO] engines.pipeline: Loaded 10 holidays
2026-04-14 13:49:34,562 [INFO] fetchers.gsom: Fetching T_BOND from https://gsom.bb.org.bd/mtm.php
2026-04-14 13:49:36,702 [INFO] fetchers.http_client: Fetched https://gsom.bb.org.bd/mtm.php (311030 bytes)
2026-04-14 13:49:36,704 [INFO] fetchers.gsom: Fetched T_BOND: 311030 bytes
2026-04-14 13:49:36,927 [INFO] parsers.securities: Parsed 225 rows from https://gsom.bb.org.bd/mtm.php
2026-04-14 13:49:36,928 [INFO] engines.pipeline: GSOM T_BOND: fetched 225 rows from https://gsom.bb.org.bd/mtm.php
2026-04-14 13:49:36,928 [INFO] fetchers.gsom: Fetching FRTB from https://gsom.bb.org.bd/mtm-frtb.php
2026-04-14 13:49:38,048 [INFO] fetchers.http_client: Fetched https://gsom.bb.org.bd/mtm-frtb.php (19937 bytes)
2026-04-14 13:49:38,051 [INFO] fetchers.gsom: Fetched FRTB: 19937 bytes
2026-04-14 13:49:38,069 [INFO] parsers.securities: Parsed 8 rows from https://gsom.bb.org.bd/mtm-frtb.php
2026-04-14 13:49:38,069 [INFO] engines.pipeline: GSOM FRTB: fetched 8 rows from https://gsom.bb.org.bd/mtm-frtb.php
2026-04-14 13:49:38,070 [INFO] fetchers.gsom: Fetching T_BILL from https://gsom.bb.org.bd/mtm-bill.php
2026-04-14 13:49:39,051 [INFO] fetchers.http_client: Fetched https://gsom.bb.org.bd/mtm-bill.php (97038 bytes)
2026-04-14 13:49:39,054 [INFO] fetchers.gsom: Fetched T_BILL: 97038 bytes
2026-04-14 13:49:39,140 [INFO] parsers.securities: Parsed 87 T-Bill rows from https://gsom.bb.org.bd/mtm-bill.php
2026-04-14 13:49:39,141 [INFO] engines.pipeline: GSOM T_BILL: fetched 87 rows from https://gsom.bb.org.bd/mtm-bill.php
2026-04-14 13:49:39,142 [INFO] engines.pipeline: GSOM total: 320 securities fetched across all pages
2026-04-14 13:49:39,558 [INFO] engines.pipeline: Regenerating events for 323 securities in DB
2026-04-14 13:49:39,562 [WARNING] engines.inflow: ISIN BD0926341159: missing ['next_coupon_date'] — cannot generate coupon schedule
2026-04-14 13:49:39,587 [INFO] engines.inflow: ISIN BD0926421027: generated 5 coupon events (HFLY)
2026-04-14 13:49:39,652 [INFO] engines.inflow: ISIN BD0926381155: generated 31 coupon events (HFLY)
2026-04-14 13:49:39,756 [INFO] engines.inflow: ISIN BD0926461023: generated 5 coupon events (HFLY)
2026-04-14 13:49:39,779 [INFO] engines.inflow: ISIN BD0926421159: generated 31 coupon events (HFLY)
2026-04-14 13:49:39,840 [INFO] engines.inflow: ISIN BD0926431059: generated 11 coupon events (HFLY)
2026-04-14 13:49:39,858 [INFO] engines.inflow: ISIN BD0926021108: generated 21 coupon events (HFLY)
2026-04-14 13:49:39,896 [INFO] engines.inflow: ISIN BD0926061021: generated 5 coupon events (HFLY)
2026-04-14 13:49:39,908 [INFO] engines.inflow: ISIN BD0926071152: generated 31 coupon events (HFLY)
2026-04-14 13:49:39,938 [INFO] engines.inflow: ISIN BD0926541055: generated 11 coupon events (HFLY)
2026-04-14 13:49:39,955 [INFO] engines.inflow: ISIN BD0926111156: generated 31 coupon events (HFLY)
2026-04-14 13:49:39,984 [INFO] engines.inflow: ISIN BD0926141021: generated 5 coupon events (HFLY)
2026-04-14 13:49:39,996 [INFO] engines.inflow: ISIN BD0926151152: generated 31 coupon events (HFLY)
2026-04-14 13:49:40,029 [INFO] engines.inflow: ISIN BD0926191026: generated 5 coupon events (HFLY)
2026-04-14 13:49:40,038 [INFO] engines.inflow: ISIN BD0926601057: generated 11 coupon events (HFLY)
2026-04-14 13:49:40,055 [INFO] engines.inflow: ISIN BD0926191158: generated 31 coupon events (HFLY)
2026-04-14 13:49:40,088 [INFO] engines.inflow: ISIN BD0926231152: generated 31 coupon events (HFLY)
2026-04-14 13:49:40,118 [INFO] engines.inflow: ISIN BD0927271025: generated 5 coupon events (HFLY)
2026-04-14 13:49:40,125 [INFO] engines.inflow: ISIN BD0927271157: generated 31 coupon events (HFLY)
2026-04-14 13:49:40,164 [INFO] engines.inflow: ISIN BD0927251100: generated 21 coupon events (HFLY)
2026-04-14 13:49:40,181 [INFO] engines.inflow: ISIN BD0927311029: generated 5 coupon events (HFLY)
2026-04-14 13:49:40,194 [INFO] engines.inflow: ISIN BD0927311151: generated 31 coupon events (HFLY)
2026-04-14 13:49:40,231 [INFO] engines.inflow: ISIN BD0927351025: generated 5 coupon events (HFLY)
2026-04-14 13:49:40,241 [INFO] engines.inflow: ISIN BD0927761058: generated 11 coupon events (HFLY)
2026-04-14 13:49:40,261 [INFO] engines.inflow: ISIN BD0927351157: generated 31 coupon events (HFLY)
2026-04-14 13:49:40,293 [INFO] engines.inflow: ISIN BD0927391021: generated 5 coupon events (HFLY)
2026-04-14 13:49:40,306 [INFO] engines.inflow: ISIN BD0927391153: generated 31 coupon events (HFLY)
2026-04-14 13:49:40,369 [INFO] engines.inflow: ISIN BD0927431025: generated 5 coupon events (HFLY)
2026-04-14 13:49:40,378 [INFO] engines.inflow: ISIN BD0927841058: generated 11 coupon events (HFLY)
2026-04-14 13:49:40,395 [INFO] engines.inflow: ISIN BD0927431157: generated 31 coupon events (HFLY)
2026-04-14 13:49:40,435 [INFO] engines.inflow: ISIN BD0927471021: generated 5 coupon events (HFLY)
2026-04-14 13:49:40,444 [INFO] engines.inflow: ISIN BD0927471153: generated 31 coupon events (HFLY)
2026-04-14 13:49:40,476 [INFO] engines.inflow: ISIN BD0927011025: generated 5 coupon events (HFLY)
2026-04-14 13:49:40,481 [INFO] engines.inflow: ISIN BD0927021057: generated 11 coupon events (HFLY)
2026-04-14 13:49:40,498 [INFO] engines.inflow: ISIN BD0927031155: generated 31 coupon events (HFLY)
2026-04-14 13:49:40,532 [INFO] engines.inflow: ISIN BD0927041204: generated 41 coupon events (HFLY)
2026-04-14 13:49:40,582 [INFO] engines.inflow: ISIN BD0927081200: generated 40 coupon events (HFLY)
2026-04-14 13:49:40,623 [INFO] engines.inflow: ISIN BD0927091027: generated 5 coupon events (HFLY)
2026-04-14 13:49:40,628 [INFO] engines.inflow: ISIN BD0927111155: generated 31 coupon events (HFLY)
2026-04-14 13:49:40,671 [INFO] engines.inflow: ISIN BD0927121204: generated 41 coupon events (HFLY)
2026-04-14 13:49:40,714 [INFO] engines.inflow: ISIN BD0927151151: generated 31 coupon events (HFLY)
2026-04-14 13:49:40,736 [INFO] engines.inflow: ISIN BD0927101107: generated 21 coupon events (HFLY)
2026-04-14 13:49:40,765 [INFO] engines.inflow: ISIN BD0927161200: generated 41 coupon events (HFLY)
2026-04-14 13:49:40,822 [INFO] engines.inflow: ISIN BD0927171027: generated 5 coupon events (HFLY)
2026-04-14 13:49:40,834 [INFO] engines.inflow: ISIN BD0927181059: generated 11 coupon events (HFLY)
2026-04-14 13:49:40,853 [INFO] engines.inflow: ISIN BD0927191157: generated 31 coupon events (HFLY)
2026-04-14 13:49:40,911 [INFO] engines.inflow: ISIN BD0927201204: generated 41 coupon events (HFLY)
2026-04-14 13:49:40,952 [INFO] engines.inflow: ISIN BD0927231151: generated 31 coupon events (HFLY)
2026-04-14 13:49:40,973 [INFO] engines.inflow: ISIN BD0927241200: generated 41 coupon events (HFLY)
2026-04-14 13:49:41,006 [INFO] engines.inflow: ISIN BD0928261058: generated 11 coupon events (HFLY)
2026-04-14 13:49:41,023 [INFO] engines.inflow: ISIN BD0928271156: generated 31 coupon events (HFLY)
2026-04-14 13:49:41,062 [INFO] engines.inflow: ISIN BD0928281205: generated 41 coupon events (HFLY)
2026-04-14 13:49:41,098 [INFO] engines.inflow: ISIN BD0928311150: generated 31 coupon events (HFLY)
2026-04-14 13:49:41,128 [INFO] engines.inflow: ISIN BD0928321209: generated 41 coupon events (HFLY)
2026-04-14 13:49:41,162 [INFO] engines.inflow: ISIN BD0928351156: generated 31 coupon events (HFLY)
2026-04-14 13:49:41,193 [INFO] engines.inflow: ISIN BD0928361205: generated 41 coupon events (HFLY)
2026-04-14 13:49:41,233 [INFO] engines.inflow: ISIN BD0928381054: generated 11 coupon events (HFLY)
2026-04-14 13:49:41,247 [INFO] engines.inflow: ISIN BD0928391152: generated 31 coupon events (HFLY)
2026-04-14 13:49:41,282 [INFO] engines.inflow: ISIN BD0928401209: generated 41 coupon events (HFLY)
2026-04-14 13:49:41,313 [INFO] engines.inflow: ISIN BD0928431156: generated 31 coupon events (HFLY)
2026-04-14 13:49:41,351 [INFO] engines.inflow: ISIN BD0928441205: generated 41 coupon events (HFLY)
2026-04-14 13:49:41,386 [INFO] engines.inflow: ISIN BD0928461054: generated 11 coupon events (HFLY)
2026-04-14 13:49:41,403 [INFO] engines.inflow: ISIN BD0928471152: generated 31 coupon events (HFLY)
2026-04-14 13:49:41,436 [INFO] engines.inflow: ISIN BD0928331109: generated 21 coupon events (HFLY)
2026-04-14 13:49:41,455 [INFO] engines.inflow: ISIN BD0928481201: generated 41 coupon events (HFLY)
2026-04-14 13:49:41,489 [INFO] engines.inflow: ISIN BD0928041203: generated 41 coupon events (HFLY)
2026-04-14 13:49:41,527 [INFO] engines.inflow: ISIN BD0928041153: generated 31 coupon events (HFLY)
2026-04-14 13:49:41,545 [INFO] engines.inflow: ISIN BD0928061052: generated 11 coupon events (HFLY)
2026-04-14 13:49:41,563 [INFO] engines.inflow: ISIN BD0928081209: generated 41 coupon events (HFLY)
2026-04-14 13:49:41,598 [INFO] engines.inflow: ISIN BD0928081159: generated 30 coupon events (HFLY)
2026-04-14 13:49:41,620 [INFO] engines.inflow: ISIN BD0928101056: generated 11 coupon events (HFLY)
2026-04-14 13:49:41,637 [INFO] engines.inflow: ISIN BD0928121203: generated 41 coupon events (HFLY)
2026-04-14 13:49:41,670 [INFO] engines.inflow: ISIN BD0928121153: generated 31 coupon events (HFLY)
2026-04-14 13:49:41,706 [INFO] engines.inflow: ISIN BD0928161159: generated 31 coupon events (HFLY)
2026-04-14 13:49:41,724 [INFO] engines.inflow: ISIN BD0928161209: generated 41 coupon events (HFLY)
2026-04-14 13:49:41,765 [INFO] engines.inflow: ISIN BD0928181058: generated 11 coupon events (HFLY)
2026-04-14 13:49:41,779 [INFO] engines.inflow: ISIN BD0928131103: generated 21 coupon events (HFLY)
2026-04-14 13:49:41,809 [INFO] engines.inflow: ISIN BD0928201203: generated 41 coupon events (HFLY)
2026-04-14 13:49:41,844 [INFO] engines.inflow: ISIN BD0928201153: generated 31 coupon events (HFLY)
2026-04-14 13:49:41,888 [INFO] engines.inflow: ISIN BD0928221052: generated 11 coupon events (HFLY)
2026-04-14 13:49:41,896 [INFO] engines.inflow: ISIN BD0928241209: generated 41 coupon events (HFLY)
2026-04-14 13:49:41,938 [INFO] engines.inflow: ISIN BD0928241159: generated 31 coupon events (HFLY)
2026-04-14 13:49:41,965 [INFO] engines.inflow: ISIN BD0929281204: generated 41 coupon events (HFLY)
2026-04-14 13:49:41,999 [INFO] engines.inflow: ISIN BD0929281154: generated 31 coupon events (HFLY)
2026-04-14 13:49:42,025 [INFO] engines.inflow: ISIN BD0929321208: generated 41 coupon events (HFLY)
2026-04-14 13:49:42,065 [INFO] engines.inflow: ISIN BD0929321158: generated 31 coupon events (HFLY)
2026-04-14 13:49:42,092 [INFO] engines.inflow: ISIN BD0929361204: generated 41 coupon events (HFLY)
2026-04-14 13:49:42,123 [INFO] engines.inflow: ISIN BD0929361154: generated 31 coupon events (HFLY)
2026-04-14 13:49:42,155 [INFO] engines.inflow: ISIN BD0929401059: generated 11 coupon events (HFLY)
2026-04-14 13:49:42,172 [INFO] engines.inflow: ISIN BD0929311100: generated 21 coupon events (HFLY)
2026-04-14 13:49:42,206 [INFO] engines.inflow: ISIN BD0929401158: generated 31 coupon events (HFLY)
2026-04-14 13:49:42,240 [INFO] engines.inflow: ISIN BD0929401208: generated 41 coupon events (HFLY)
2026-04-14 13:49:42,308 [INFO] engines.inflow: ISIN BD0929431056: generated 11 coupon events (HFLY)
2026-04-14 13:49:42,328 [INFO] engines.inflow: ISIN BD0929441204: generated 41 coupon events (HFLY)
2026-04-14 13:49:42,379 [INFO] engines.inflow: ISIN BD0929441154: generated 31 coupon events (HFLY)
2026-04-14 13:49:42,407 [INFO] engines.inflow: ISIN BD0929381103: generated 21 coupon events (HFLY)
2026-04-14 13:49:42,429 [INFO] engines.inflow: ISIN BD0929481200: generated 41 coupon events (HFLY)
2026-04-14 13:49:42,472 [INFO] engines.inflow: ISIN BD0929481150: generated 31 coupon events (HFLY)
2026-04-14 13:49:42,499 [INFO] engines.inflow: ISIN BD0929041152: generated 31 coupon events (HFLY)
2026-04-14 13:49:42,522 [INFO] engines.inflow: ISIN BD0929041202: generated 41 coupon events (HFLY)
2026-04-14 13:49:42,568 [INFO] engines.inflow: ISIN BD0929061101: generated 21 coupon events (HFLY)
2026-04-14 13:49:42,586 [INFO] engines.inflow: ISIN BD0929081208: generated 41 coupon events (HFLY)
2026-04-14 13:49:42,620 [INFO] engines.inflow: ISIN BD0929081158: generated 31 coupon events (HFLY)
2026-04-14 13:49:42,649 [INFO] engines.inflow: ISIN BD0929121152: generated 31 coupon events (HFLY)
2026-04-14 13:49:42,685 [INFO] engines.inflow: ISIN BD0929151050: generated 11 coupon events (HFLY)
2026-04-14 13:49:42,696 [INFO] engines.inflow: ISIN BD0929161208: generated 41 coupon events (HFLY)
2026-04-14 13:49:42,741 [INFO] engines.inflow: ISIN BD0929161158: generated 31 coupon events (HFLY)
2026-04-14 13:49:42,766 [INFO] engines.inflow: ISIN BD0929201152: generated 31 coupon events (HFLY)
2026-04-14 13:49:42,795 [INFO] engines.inflow: ISIN BD0929241059: generated 11 coupon events (HFLY)
2026-04-14 13:49:42,816 [INFO] engines.inflow: ISIN BD0929221101: generated 21 coupon events (HFLY)
2026-04-14 13:49:42,842 [INFO] engines.inflow: ISIN BD0929201202: generated 41 coupon events (HFLY)
2026-04-14 13:49:42,875 [INFO] engines.inflow: ISIN BD0930261104: generated 21 coupon events (HFLY)
2026-04-14 13:49:42,900 [INFO] engines.inflow: ISIN BD0930321056: generated 11 coupon events (HFLY)
2026-04-14 13:49:42,916 [INFO] engines.inflow: ISIN BD0930251204: generated 41 coupon events (HFLY)
2026-04-14 13:49:42,952 [INFO] engines.inflow: ISIN BD0930281201: generated 41 coupon events (HFLY)
2026-04-14 13:49:42,981 [INFO] engines.inflow: ISIN BD0930401056: generated 11 coupon events (HFLY)
2026-04-14 13:49:42,998 [INFO] engines.inflow: ISIN BD0930321205: generated 41 coupon events (HFLY)
2026-04-14 13:49:43,034 [INFO] engines.inflow: ISIN BD0930381100: generated 21 coupon events (HFLY)
2026-04-14 13:49:43,047 [INFO] engines.inflow: ISIN BD0930361201: generated 41 coupon events (HFLY)
2026-04-14 13:49:43,083 [INFO] engines.inflow: ISIN BD0930431103: generated 21 coupon events (HFLY)
2026-04-14 13:49:43,104 [INFO] engines.inflow: ISIN BD0930481058: generated 11 coupon events (HFLY)
2026-04-14 13:49:43,112 [INFO] engines.inflow: ISIN BD0930401205: generated 41 coupon events (HFLY)
2026-04-14 13:49:43,161 [INFO] engines.inflow: ISIN BD0930031101: generated 21 coupon events (HFLY)
2026-04-14 13:49:43,174 [INFO] engines.inflow: ISIN BD0930041209: generated 41 coupon events (HFLY)
2026-04-14 13:49:43,217 [INFO] engines.inflow: ISIN BD0930041159: generated 31 coupon events (HFLY)
2026-04-14 13:49:43,246 [INFO] engines.inflow: ISIN BD0930081205: generated 41 coupon events (HFLY)
2026-04-14 13:49:43,276 [INFO] engines.inflow: ISIN BD0930101052: generated 11 coupon events (HFLY)
2026-04-14 13:49:43,284 [INFO] engines.inflow: ISIN BD0930121159: generated 31 coupon events (HFLY)
2026-04-14 13:49:43,321 [INFO] engines.inflow: ISIN BD0930121209: generated 41 coupon events (HFLY)
2026-04-14 13:49:43,356 [INFO] engines.inflow: ISIN BD0930141108: generated 21 coupon events (HFLY)
2026-04-14 13:49:43,382 [INFO] engines.inflow: ISIN BD0930161205: generated 41 coupon events (HFLY)
2026-04-14 13:49:43,417 [INFO] engines.inflow: ISIN BD0930201209: generated 41 coupon events (HFLY)
2026-04-14 13:49:43,450 [INFO] engines.inflow: ISIN BD0930211059: generated 11 coupon events (HFLY)
2026-04-14 13:49:43,460 [INFO] engines.inflow: ISIN BD0930241205: generated 41 coupon events (HFLY)
2026-04-14 13:49:43,501 [INFO] engines.inflow: ISIN BD0931281200: generated 41 coupon events (HFLY)
2026-04-14 13:49:43,534 [INFO] engines.inflow: ISIN BD0931301107: generated 21 coupon events (HFLY)
2026-04-14 13:49:43,558 [INFO] engines.inflow: ISIN BD0931321204: generated 41 coupon events (HFLY)
2026-04-14 13:49:43,586 [INFO] engines.inflow: ISIN BD0931361200: generated 41 coupon events (HFLY)
2026-04-14 13:49:43,624 [INFO] engines.inflow: ISIN BD0931401204: generated 41 coupon events (HFLY)
2026-04-14 13:49:43,647 [INFO] engines.inflow: ISIN BD0931401154: generated 31 coupon events (HFLY)
2026-04-14 13:49:43,669 [INFO] engines.inflow: ISIN BD0931401105: generated 21 coupon events (HFLY)
2026-04-14 13:49:43,695 [INFO] engines.inflow: ISIN BD0931441200: generated 41 coupon events (HFLY)
2026-04-14 13:49:43,740 [INFO] engines.inflow: ISIN BD0931471207: generated 41 coupon events (HFLY)
2026-04-14 13:49:43,769 [INFO] engines.inflow: ISIN BD0931481107: generated 21 coupon events (HFLY)
2026-04-14 13:49:43,787 [INFO] engines.inflow: ISIN BD0931041208: generated 41 coupon events (HFLY)
2026-04-14 13:49:43,828 [INFO] engines.inflow: ISIN BD0931081204: generated 41 coupon events (HFLY)
2026-04-14 13:49:43,865 [INFO] engines.inflow: ISIN BD0931121208: generated 41 coupon events (HFLY)
2026-04-14 13:49:43,896 [INFO] engines.inflow: ISIN BD0931561106: generated 21 coupon events (HFLY)
2026-04-14 13:49:43,909 [INFO] engines.inflow: ISIN BD0931161204: generated 41 coupon events (HFLY)
2026-04-14 13:49:43,956 [INFO] engines.inflow: ISIN BD0931201208: generated 41 coupon events (HFLY)
2026-04-14 13:49:43,985 [INFO] engines.inflow: ISIN BD0931241204: generated 41 coupon events (HFLY)
2026-04-14 13:49:44,015 [INFO] engines.inflow: ISIN BD0932691100: generated 21 coupon events (HFLY)
2026-04-14 13:49:44,030 [INFO] engines.inflow: ISIN BD0932281209: generated 41 coupon events (HFLY)
2026-04-14 13:49:44,071 [INFO] engines.inflow: ISIN BD0932321203: generated 40 coupon events (HFLY)
2026-04-14 13:49:44,104 [INFO] engines.inflow: ISIN BD0932361209: generated 41 coupon events (HFLY)
2026-04-14 13:49:44,147 [INFO] engines.inflow: ISIN BD0932401203: generated 41 coupon events (HFLY)
2026-04-14 13:49:44,187 [INFO] engines.inflow: ISIN BD0932851100: generated 21 coupon events (HFLY)
2026-04-14 13:49:44,203 [INFO] engines.inflow: ISIN BD0932441209: generated 41 coupon events (HFLY)
2026-04-14 13:49:44,254 [INFO] engines.inflow: ISIN BD0932891106: generated 21 coupon events (HFLY)
2026-04-14 13:49:44,290 [INFO] engines.inflow: ISIN BD0932481205: generated 41 coupon events (HFLY)
2026-04-14 13:49:44,326 [INFO] engines.inflow: ISIN BD0932041207: generated 41 coupon events (HFLY)
2026-04-14 13:49:44,361 [INFO] engines.inflow: ISIN BD0932081203: generated 40 coupon events (HFLY)
2026-04-14 13:49:44,409 [INFO] engines.inflow: ISIN BD0932111109: generated 21 coupon events (HFLY)
2026-04-14 13:49:44,423 [INFO] engines.inflow: ISIN BD0932121207: generated 41 coupon events (HFLY)
2026-04-14 13:49:44,463 [INFO] engines.inflow: ISIN BD0932161203: generated 41 coupon events (HFLY)
2026-04-14 13:49:44,504 [INFO] engines.inflow: ISIN BD0932201207: generated 41 coupon events (HFLY)
2026-04-14 13:49:44,538 [INFO] engines.inflow: ISIN BD0932231105: generated 21 coupon events (HFLY)
2026-04-14 13:49:44,562 [INFO] engines.inflow: ISIN BD0932241203: generated 41 coupon events (HFLY)
2026-04-14 13:49:44,604 [INFO] engines.inflow: ISIN BD0933281208: generated 41 coupon events (HFLY)
2026-04-14 13:49:44,633 [INFO] engines.inflow: ISIN BD0933321202: generated 41 coupon events (HFLY)
2026-04-14 13:49:44,664 [INFO] engines.inflow: ISIN BD0933351100: generated 21 coupon events (HFLY)
2026-04-14 13:49:44,688 [INFO] engines.inflow: ISIN BD0933361208: generated 41 coupon events (HFLY)
2026-04-14 13:49:44,717 [INFO] engines.inflow: ISIN BD0933401202: generated 41 coupon events (HFLY)
2026-04-14 13:49:44,758 [INFO] engines.inflow: ISIN BD0933441208: generated 41 coupon events (HFLY)
2026-04-14 13:49:44,800 [INFO] engines.inflow: ISIN BD0933481204: generated 41 coupon events (HFLY)
2026-04-14 13:49:44,835 [INFO] engines.inflow: ISIN BD0933041206: generated 41 coupon events (HFLY)
2026-04-14 13:49:44,876 [INFO] engines.inflow: ISIN BD0933071104: generated 21 coupon events (HFLY)
2026-04-14 13:49:44,893 [INFO] engines.inflow: ISIN BD0933081202: generated 40 coupon events (HFLY)
2026-04-14 13:49:44,924 [INFO] engines.inflow: ISIN BD0933121206: generated 41 coupon events (HFLY)
2026-04-14 13:49:44,969 [INFO] engines.inflow: ISIN BD0933101158: generated 31 coupon events (HFLY)
2026-04-14 13:49:44,994 [INFO] engines.inflow: ISIN BD0933161202: generated 41 coupon events (HFLY)
2026-04-14 13:49:45,043 [INFO] engines.inflow: ISIN BD0933201206: generated 41 coupon events (HFLY)
2026-04-14 13:49:45,075 [INFO] engines.inflow: ISIN BD0933141154: generated 31 coupon events (HFLY)
2026-04-14 13:49:45,097 [INFO] engines.inflow: ISIN BD0933241202: generated 41 coupon events (HFLY)
2026-04-14 13:49:45,134 [INFO] engines.inflow: ISIN BD0934281207: generated 41 coupon events (HFLY)
2026-04-14 13:49:45,160 [INFO] engines.inflow: ISIN BD0934311103: generated 21 coupon events (HFLY)
2026-04-14 13:49:45,187 [INFO] engines.inflow: ISIN BD0934321201: generated 41 coupon events (HFLY)
2026-04-14 13:49:45,223 [INFO] engines.inflow: ISIN BD0934361207: generated 41 coupon events (HFLY)
2026-04-14 13:49:45,254 [INFO] engines.inflow: ISIN BD0934401102: generated 21 coupon events (HFLY)
2026-04-14 13:49:45,265 [INFO] engines.inflow: ISIN BD0934401201: generated 41 coupon events (HFLY)
2026-04-14 13:49:45,312 [INFO] engines.inflow: ISIN BD0934441207: generated 41 coupon events (HFLY)
2026-04-14 13:49:45,341 [INFO] engines.inflow: ISIN BD0934481104: generated 21 coupon events (HFLY)
2026-04-14 13:49:45,361 [INFO] engines.inflow: ISIN BD0934481203: generated 41 coupon events (HFLY)
2026-04-14 13:49:45,399 [INFO] engines.inflow: ISIN BD0934041205: generated 41 coupon events (HFLY)
2026-04-14 13:49:45,434 [INFO] engines.inflow: ISIN BD0934081201: generated 41 coupon events (HFLY)
2026-04-14 13:49:45,468 [INFO] engines.inflow: ISIN BD0934121205: generated 41 coupon events (HFLY)
2026-04-14 13:49:45,505 [INFO] engines.inflow: ISIN BD0934161201: generated 41 coupon events (HFLY)
2026-04-14 13:49:45,538 [INFO] engines.inflow: ISIN BD0934201205: generated 41 coupon events (HFLY)
2026-04-14 13:49:45,568 [INFO] engines.inflow: ISIN BD0935291106: generated 21 coupon events (HFLY)
2026-04-14 13:49:45,584 [INFO] engines.inflow: ISIN BD0935371106: generated 21 coupon events (HFLY)
2026-04-14 13:49:45,608 [INFO] engines.inflow: ISIN BD0935391153: generated 31 coupon events (HFLY)
2026-04-14 13:49:45,631 [INFO] engines.inflow: ISIN BD0935451106: generated 21 coupon events (HFLY)
2026-04-14 13:49:45,661 [INFO] engines.inflow: ISIN BD0935441156: generated 31 coupon events (HFLY)
2026-04-14 13:49:45,692 [INFO] engines.inflow: ISIN BD0935031106: generated 21 coupon events (HFLY)
2026-04-14 13:49:45,705 [INFO] engines.inflow: ISIN BD0935041204: generated 41 coupon events (HFLY)
2026-04-14 13:49:45,742 [INFO] engines.inflow: ISIN BD0935191108: generated 21 coupon events (HFLY)
2026-04-14 13:49:45,756 [INFO] engines.inflow: ISIN BD0935201204: generated 41 coupon events (HFLY)
2026-04-14 13:49:45,800 [INFO] engines.inflow: ISIN BD0936401209: generated 41 coupon events (HFLY)
2026-04-14 13:49:45,835 [INFO] engines.inflow: ISIN BD0936491150: generated 31 coupon events (HFLY)
2026-04-14 13:49:45,873 [INFO] engines.inflow: ISIN BD0937821157: generated 31 coupon events (HFLY)
2026-04-14 13:49:45,908 [INFO] engines.inflow: ISIN BD0937901157: generated 31 coupon events (HFLY)
2026-04-14 13:49:45,938 [INFO] engines.inflow: ISIN BD0938141209: generated 41 coupon events (HFLY)
2026-04-14 13:49:45,972 [INFO] engines.inflow: ISIN BD0939371151: generated 31 coupon events (HFLY)
2026-04-14 13:49:46,004 [INFO] engines.inflow: ISIN BD0939391209: generated 41 coupon events (HFLY)
2026-04-14 13:49:46,042 [INFO] engines.inflow: ISIN BD0940381157: generated 31 coupon events (HFLY)
2026-04-14 13:49:46,070 [INFO] engines.inflow: ISIN BD0940401203: generated 41 coupon events (HFLY)
2026-04-14 13:49:46,119 [INFO] engines.inflow: ISIN BD0940441209: generated 41 coupon events (HFLY)
2026-04-14 13:49:46,149 [INFO] engines.inflow: ISIN BD0940081153: generated 31 coupon events (HFLY)
2026-04-14 13:49:46,173 [INFO] engines.inflow: ISIN BD0941451207: generated 41 coupon events (HFLY)
2026-04-14 13:49:46,220 [INFO] engines.inflow: ISIN BD0942781206: generated 41 coupon events (HFLY)
2026-04-14 13:49:46,282 [INFO] engines.inflow: ISIN BD0942901200: generated 41 coupon events (HFLY)
2026-04-14 13:49:46,326 [INFO] engines.inflow: ISIN BD0942241201: generated 41 coupon events (HFLY)
2026-04-14 13:49:46,356 [INFO] engines.inflow: ISIN BD0943281206: generated 41 coupon events (HFLY)
2026-04-14 13:49:46,386 [INFO] engines.inflow: ISIN BD0944051202: generated 41 coupon events (HFLY)
2026-04-14 13:49:46,421 [INFO] engines.inflow: ISIN BD0945461202: generated 41 coupon events (HFLY)
2026-04-14 13:49:46,470 [INFO] engines.inflow: ISIN BD0945081208: generated 41 coupon events (HFLY)
2026-04-14 13:49:46,516 [INFO] engines.inflow: ISIN BD0927141038: generated 13 coupon events (QRTY)
2026-04-14 13:49:46,524 [INFO] engines.inflow: ISIN BD0927231037: generated 13 coupon events (QRTY)
2026-04-14 13:49:46,536 [INFO] engines.inflow: ISIN BD0928271032: generated 13 coupon events (QRTY)
2026-04-14 13:49:46,550 [INFO] engines.inflow: ISIN BD0928431032: generated 13 coupon events (QRTY)
2026-04-14 13:49:46,580 [INFO] engines.inflow: ISIN BD0928471038: generated 13 coupon events (QRTY)
2026-04-14 13:49:46,624 [INFO] engines.inflow: ISIN BD0928011032: generated 13 coupon events (QRTY)
2026-04-14 13:49:46,646 [INFO] engines.inflow: ISIN BD0928131038: generated 13 coupon events (QRTY)
2026-04-14 13:49:46,666 [INFO] engines.inflow: ISIN BD0929261032: generated 13 coupon events (QRTY)
2026-04-14 13:49:46,808 [INFO] engines.pipeline: Events: 323 maturities, 6930 coupon dates
2026-04-14 13:49:46,811 [INFO] fetchers.auction_parser: Auction HTML parse from C:\Users\Administrator\Desktop\mm_dashboard\data\seeds\auction_calendar.csv: 24 total rows | T-Bill: 15 | T-Bond: 8 | FRTB: 1
2026-04-14 13:49:46,812 [INFO] engines.outflow: AUCTION | T_BILL 91D  | auction_date=2026-04-05 | adjusted_outflow_date=2026-04-06 | roll=0d | reason: No adjustment needed
2026-04-14 13:49:46,812 [INFO] engines.outflow: AUCTION | T_BILL 182D | auction_date=2026-04-05 | adjusted_outflow_date=2026-04-06 | roll=0d | reason: No adjustment needed
2026-04-14 13:49:46,812 [INFO] engines.outflow: AUCTION | T_BILL 364D | auction_date=2026-04-05 | adjusted_outflow_date=2026-04-06 | roll=0d | reason: No adjustment needed
2026-04-14 13:49:46,813 [INFO] engines.outflow: AUCTION | T_BILL 91D  | auction_date=2026-04-12 | adjusted_outflow_date=2026-04-13 | roll=0d | reason: No adjustment needed
2026-04-14 13:49:46,813 [INFO] engines.outflow: AUCTION | T_BILL 182D | auction_date=2026-04-12 | adjusted_outflow_date=2026-04-13 | roll=0d | reason: No adjustment needed
2026-04-14 13:49:46,813 [INFO] engines.outflow: AUCTION | T_BILL 364D | auction_date=2026-04-12 | adjusted_outflow_date=2026-04-13 | roll=0d | reason: No adjustment needed
2026-04-14 13:49:46,814 [INFO] engines.outflow: AUCTION | T_BILL 91D  | auction_date=2026-04-19 | adjusted_outflow_date=2026-04-20 | roll=0d | reason: No adjustment needed
2026-04-14 13:49:46,814 [INFO] engines.outflow: AUCTION | T_BILL 182D | auction_date=2026-04-19 | adjusted_outflow_date=2026-04-20 | roll=0d | reason: No adjustment needed
2026-04-14 13:49:46,814 [INFO] engines.outflow: AUCTION | T_BILL 364D | auction_date=2026-04-19 | adjusted_outflow_date=2026-04-20 | roll=0d | reason: No adjustment needed
2026-04-14 13:49:46,814 [INFO] engines.outflow: AUCTION | T_BILL 91D  | auction_date=2026-04-26 | adjusted_outflow_date=2026-04-27 | roll=0d | reason: No adjustment needed
2026-04-14 13:49:46,815 [INFO] engines.outflow: AUCTION | T_BILL 182D | auction_date=2026-04-26 | adjusted_outflow_date=2026-04-27 | roll=0d | reason: No adjustment needed
2026-04-14 13:49:46,816 [INFO] engines.outflow: AUCTION | T_BILL 364D | auction_date=2026-04-26 | adjusted_outflow_date=2026-04-27 | roll=0d | reason: No adjustment needed
2026-04-14 13:49:46,816 [INFO] engines.outflow: AUCTION | T_BILL 91D  | auction_date=2026-05-03 | adjusted_outflow_date=2026-05-04 | roll=0d | reason: No adjustment needed
2026-04-14 13:49:46,816 [INFO] engines.outflow: AUCTION | T_BILL 182D | auction_date=2026-05-03 | adjusted_outflow_date=2026-05-04 | roll=0d | reason: No adjustment needed
2026-04-14 13:49:46,817 [INFO] engines.outflow: AUCTION | T_BILL 364D | auction_date=2026-05-03 | adjusted_outflow_date=2026-05-04 | roll=0d | reason: No adjustment needed
2026-04-14 13:49:46,817 [INFO] engines.outflow: AUCTION | T_BOND 2Y   | auction_date=2026-04-08 | adjusted_outflow_date=2026-04-09 | roll=0d | reason: No adjustment needed
2026-04-14 13:49:46,818 [INFO] engines.outflow: AUCTION | T_BOND 5Y   | auction_date=2026-04-08 | adjusted_outflow_date=2026-04-09 | roll=0d | reason: No adjustment needed
2026-04-14 13:49:46,818 [INFO] engines.outflow: AUCTION | T_BOND 10Y  | auction_date=2026-04-08 | adjusted_outflow_date=2026-04-09 | roll=0d | reason: No adjustment needed
2026-04-14 13:49:46,818 [INFO] engines.outflow: AUCTION | T_BOND 15Y  | auction_date=2026-04-08 | adjusted_outflow_date=2026-04-09 | roll=0d | reason: No adjustment needed
2026-04-14 13:49:46,819 [INFO] engines.outflow: AUCTION | T_BOND 2Y   | auction_date=2026-04-22 | adjusted_outflow_date=2026-04-23 | roll=0d | reason: No adjustment needed
2026-04-14 13:49:46,819 [INFO] engines.outflow: AUCTION | T_BOND 5Y   | auction_date=2026-04-22 | adjusted_outflow_date=2026-04-23 | roll=0d | reason: No adjustment needed
2026-04-14 13:49:46,820 [INFO] engines.outflow: AUCTION | T_BOND 10Y  | auction_date=2026-04-22 | adjusted_outflow_date=2026-04-23 | roll=0d | reason: No adjustment needed
2026-04-14 13:49:46,820 [INFO] engines.outflow: AUCTION | T_BOND 15Y  | auction_date=2026-04-22 | adjusted_outflow_date=2026-04-23 | roll=0d | reason: No adjustment needed
2026-04-14 13:49:46,820 [INFO] engines.outflow: AUCTION | FRTB 3Y_FRTB | auction_date=2026-04-08 | adjusted_outflow_date=2026-04-09 | roll=0d | reason: No adjustment needed
2026-04-14 13:49:46,821 [INFO] engines.outflow: ============================================================
2026-04-14 13:49:46,821 [INFO] engines.outflow: AUCTION OUTFLOW SUMMARY (24 events, 0 errors)
2026-04-14 13:49:46,821 [INFO] engines.outflow: Type         Tenor  AucNo  Auction Date Outflow Date Adjustment
2026-04-14 13:49:46,821 [INFO] engines.outflow: T_BILL       91D    44     2026-04-05   2026-04-06   No adjustment needed
2026-04-14 13:49:46,822 [INFO] engines.outflow: T_BILL       182D   44     2026-04-05   2026-04-06   No adjustment needed
2026-04-14 13:49:46,822 [INFO] engines.outflow: T_BILL       364D   44     2026-04-05   2026-04-06   No adjustment needed
2026-04-14 13:49:46,822 [INFO] engines.outflow: T_BILL       91D    45     2026-04-12   2026-04-13   No adjustment needed
2026-04-14 13:49:46,823 [INFO] engines.outflow: T_BILL       182D   45     2026-04-12   2026-04-13   No adjustment needed
2026-04-14 13:49:46,823 [INFO] engines.outflow: T_BILL       364D   45     2026-04-12   2026-04-13   No adjustment needed
2026-04-14 13:49:46,824 [INFO] engines.outflow: T_BILL       91D    46     2026-04-19   2026-04-20   No adjustment needed
2026-04-14 13:49:46,825 [INFO] engines.outflow: T_BILL       182D   46     2026-04-19   2026-04-20   No adjustment needed
2026-04-14 13:49:46,826 [INFO] engines.outflow: T_BILL       364D   46     2026-04-19   2026-04-20   No adjustment needed
2026-04-14 13:49:46,827 [INFO] engines.outflow: T_BILL       91D    47     2026-04-26   2026-04-27   No adjustment needed
2026-04-14 13:49:46,827 [INFO] engines.outflow: T_BILL       182D   47     2026-04-26   2026-04-27   No adjustment needed
2026-04-14 13:49:46,828 [INFO] engines.outflow: T_BILL       364D   47     2026-04-26   2026-04-27   No adjustment needed
2026-04-14 13:49:46,828 [INFO] engines.outflow: T_BILL       91D    48     2026-05-03   2026-05-04   No adjustment needed
2026-04-14 13:49:46,828 [INFO] engines.outflow: T_BILL       182D   48     2026-05-03   2026-05-04   No adjustment needed
2026-04-14 13:49:46,828 [INFO] engines.outflow: T_BILL       364D   48     2026-05-03   2026-05-04   No adjustment needed
2026-04-14 13:49:46,829 [INFO] engines.outflow: T_BOND       2Y     B01    2026-04-08   2026-04-09   No adjustment needed
2026-04-14 13:49:46,829 [INFO] engines.outflow: T_BOND       5Y     B01    2026-04-08   2026-04-09   No adjustment needed
2026-04-14 13:49:46,829 [INFO] engines.outflow: T_BOND       10Y    B01    2026-04-08   2026-04-09   No adjustment needed
2026-04-14 13:49:46,830 [INFO] engines.outflow: T_BOND       15Y    B01    2026-04-08   2026-04-09   No adjustment needed
2026-04-14 13:49:46,830 [INFO] engines.outflow: T_BOND       2Y     B02    2026-04-22   2026-04-23   No adjustment needed
2026-04-14 13:49:46,830 [INFO] engines.outflow: T_BOND       5Y     B02    2026-04-22   2026-04-23   No adjustment needed
2026-04-14 13:49:46,830 [INFO] engines.outflow: T_BOND       10Y    B02    2026-04-22   2026-04-23   No adjustment needed
2026-04-14 13:49:46,832 [INFO] engines.outflow: T_BOND       15Y    B02    2026-04-22   2026-04-23   No adjustment needed
2026-04-14 13:49:46,833 [INFO] engines.outflow: FRTB         3Y_FRTB F01    2026-04-08   2026-04-09   No adjustment needed
2026-04-14 13:49:46,834 [INFO] engines.outflow: ============================================================
2026-04-14 13:49:46,965 [INFO] engines.aggregation: Built 298 daily flow rows
2026-04-14 13:49:47,019 [INFO] engines.pipeline: Pipeline complete | fetched=320 | db_securities=323 | maturities=323 | coupons=6930 | auctions=24 | daily_rows=298 | errors=0
2026-04-14 13:49:47,024 [INFO] run: Pipeline result: {'securities_fetched': 320, 'securities_in_db': 323, 'securities': 320, 'coupons': 6930, 'maturities': 323, 'auctions': 24, 'daily_rows': 298, 'errors': []}
2026-04-14 14:21:33,986 [INFO] run: Running pipeline: 2026-02-13 to 2027-04-14
2026-04-14 14:21:34,048 [INFO] db: Database initialised at C:\Users\Administrator\Desktop\mm_dashboard\data\mm_dashboard.db
2026-04-14 14:21:34,087 [INFO] calendar_utils: Holiday calendar loaded: 10 public holidays
2026-04-14 14:21:34,088 [INFO] engines.pipeline: Loaded 10 holidays
2026-04-14 14:21:34,089 [INFO] fetchers.gsom: Fetching T_BOND from https://gsom.bb.org.bd/mtm.php
2026-04-14 14:21:36,513 [INFO] fetchers.http_client: Fetched https://gsom.bb.org.bd/mtm.php (311030 bytes)
2026-04-14 14:21:36,516 [INFO] fetchers.gsom: Fetched T_BOND: 311030 bytes
2026-04-14 14:21:37,127 [INFO] parsers.securities: Parsed 225 rows from https://gsom.bb.org.bd/mtm.php
2026-04-14 14:21:37,129 [INFO] engines.pipeline: GSOM T_BOND: fetched 225 rows from https://gsom.bb.org.bd/mtm.php
2026-04-14 14:21:37,129 [INFO] fetchers.gsom: Fetching FRTB from https://gsom.bb.org.bd/mtm-frtb.php
2026-04-14 14:21:39,205 [INFO] fetchers.http_client: Fetched https://gsom.bb.org.bd/mtm-frtb.php (19937 bytes)
2026-04-14 14:21:39,213 [INFO] fetchers.gsom: Fetched FRTB: 19937 bytes
2026-04-14 14:21:39,257 [INFO] parsers.securities: Parsed 8 rows from https://gsom.bb.org.bd/mtm-frtb.php
2026-04-14 14:21:39,258 [INFO] engines.pipeline: GSOM FRTB: fetched 8 rows from https://gsom.bb.org.bd/mtm-frtb.php
2026-04-14 14:21:39,265 [INFO] fetchers.gsom: Fetching T_BILL from https://gsom.bb.org.bd/mtm-bill.php
2026-04-14 14:21:41,296 [INFO] fetchers.http_client: Fetched https://gsom.bb.org.bd/mtm-bill.php (97038 bytes)
2026-04-14 14:21:41,302 [INFO] fetchers.gsom: Fetched T_BILL: 97038 bytes
2026-04-14 14:21:41,666 [INFO] parsers.securities: Parsed 87 T-Bill rows from https://gsom.bb.org.bd/mtm-bill.php
2026-04-14 14:21:41,667 [INFO] engines.pipeline: GSOM T_BILL: fetched 87 rows from https://gsom.bb.org.bd/mtm-bill.php
2026-04-14 14:21:41,667 [INFO] engines.pipeline: GSOM total: 320 securities fetched across all pages
2026-04-14 14:21:42,952 [INFO] engines.pipeline: Regenerating events for 323 securities in DB
2026-04-14 14:21:42,972 [WARNING] engines.inflow: ISIN BD0926341159: missing ['next_coupon_date'] — cannot generate coupon schedule
2026-04-14 14:21:43,050 [INFO] engines.inflow: ISIN BD0926421027: generated 5 coupon events (HFLY)
2026-04-14 14:21:43,143 [INFO] engines.inflow: ISIN BD0926381155: generated 31 coupon events (HFLY)
2026-04-14 14:21:43,271 [INFO] engines.inflow: ISIN BD0926461023: generated 5 coupon events (HFLY)
2026-04-14 14:21:43,293 [INFO] engines.inflow: ISIN BD0926421159: generated 31 coupon events (HFLY)
2026-04-14 14:21:43,365 [INFO] engines.inflow: ISIN BD0926431059: generated 11 coupon events (HFLY)
2026-04-14 14:21:43,390 [INFO] engines.inflow: ISIN BD0926021108: generated 21 coupon events (HFLY)
2026-04-14 14:21:43,444 [INFO] engines.inflow: ISIN BD0926061021: generated 5 coupon events (HFLY)
2026-04-14 14:21:43,488 [INFO] engines.inflow: ISIN BD0926071152: generated 31 coupon events (HFLY)
2026-04-14 14:21:43,560 [INFO] engines.inflow: ISIN BD0926541055: generated 11 coupon events (HFLY)
2026-04-14 14:21:43,586 [INFO] engines.inflow: ISIN BD0926111156: generated 31 coupon events (HFLY)
2026-04-14 14:21:43,639 [INFO] engines.inflow: ISIN BD0926141021: generated 5 coupon events (HFLY)
2026-04-14 14:21:43,653 [INFO] engines.inflow: ISIN BD0926151152: generated 31 coupon events (HFLY)
2026-04-14 14:21:43,705 [INFO] engines.inflow: ISIN BD0926191026: generated 5 coupon events (HFLY)
2026-04-14 14:21:43,716 [INFO] engines.inflow: ISIN BD0926601057: generated 11 coupon events (HFLY)
2026-04-14 14:21:43,739 [INFO] engines.inflow: ISIN BD0926191158: generated 31 coupon events (HFLY)
2026-04-14 14:21:43,786 [INFO] engines.inflow: ISIN BD0926231152: generated 31 coupon events (HFLY)
2026-04-14 14:21:43,839 [INFO] engines.inflow: ISIN BD0927271025: generated 5 coupon events (HFLY)
2026-04-14 14:21:43,855 [INFO] engines.inflow: ISIN BD0927271157: generated 31 coupon events (HFLY)
2026-04-14 14:21:43,964 [INFO] engines.inflow: ISIN BD0927251100: generated 21 coupon events (HFLY)
2026-04-14 14:21:44,007 [INFO] engines.inflow: ISIN BD0927311029: generated 5 coupon events (HFLY)
2026-04-14 14:21:44,016 [INFO] engines.inflow: ISIN BD0927311151: generated 31 coupon events (HFLY)
2026-04-14 14:21:44,071 [INFO] engines.inflow: ISIN BD0927351025: generated 5 coupon events (HFLY)
2026-04-14 14:21:44,096 [INFO] engines.inflow: ISIN BD0927761058: generated 11 coupon events (HFLY)
2026-04-14 14:21:44,123 [INFO] engines.inflow: ISIN BD0927351157: generated 31 coupon events (HFLY)
2026-04-14 14:21:44,190 [INFO] engines.inflow: ISIN BD0927391021: generated 5 coupon events (HFLY)
2026-04-14 14:21:44,208 [INFO] engines.inflow: ISIN BD0927391153: generated 31 coupon events (HFLY)
2026-04-14 14:21:44,252 [INFO] engines.inflow: ISIN BD0927431025: generated 5 coupon events (HFLY)
2026-04-14 14:21:44,260 [INFO] engines.inflow: ISIN BD0927841058: generated 11 coupon events (HFLY)
2026-04-14 14:21:44,285 [INFO] engines.inflow: ISIN BD0927431157: generated 31 coupon events (HFLY)
2026-04-14 14:21:44,348 [INFO] engines.inflow: ISIN BD0927471021: generated 5 coupon events (HFLY)
2026-04-14 14:21:44,357 [INFO] engines.inflow: ISIN BD0927471153: generated 31 coupon events (HFLY)
2026-04-14 14:21:44,408 [INFO] engines.inflow: ISIN BD0927011025: generated 5 coupon events (HFLY)
2026-04-14 14:21:44,418 [INFO] engines.inflow: ISIN BD0927021057: generated 11 coupon events (HFLY)
2026-04-14 14:21:44,449 [INFO] engines.inflow: ISIN BD0927031155: generated 31 coupon events (HFLY)
2026-04-14 14:21:44,519 [INFO] engines.inflow: ISIN BD0927041204: generated 41 coupon events (HFLY)
2026-04-14 14:21:44,588 [INFO] engines.inflow: ISIN BD0927081200: generated 40 coupon events (HFLY)
2026-04-14 14:21:44,653 [INFO] engines.inflow: ISIN BD0927091027: generated 5 coupon events (HFLY)
2026-04-14 14:21:44,664 [INFO] engines.inflow: ISIN BD0927111155: generated 31 coupon events (HFLY)
2026-04-14 14:21:44,742 [INFO] engines.inflow: ISIN BD0927121204: generated 41 coupon events (HFLY)
2026-04-14 14:21:44,829 [INFO] engines.inflow: ISIN BD0927151151: generated 31 coupon events (HFLY)
2026-04-14 14:21:44,880 [INFO] engines.inflow: ISIN BD0927101107: generated 21 coupon events (HFLY)
2026-04-14 14:21:44,906 [INFO] engines.inflow: ISIN BD0927161200: generated 41 coupon events (HFLY)
2026-04-14 14:21:44,973 [INFO] engines.inflow: ISIN BD0927171027: generated 5 coupon events (HFLY)
2026-04-14 14:21:44,987 [INFO] engines.inflow: ISIN BD0927181059: generated 11 coupon events (HFLY)
2026-04-14 14:21:45,011 [INFO] engines.inflow: ISIN BD0927191157: generated 31 coupon events (HFLY)
2026-04-14 14:21:45,057 [INFO] engines.inflow: ISIN BD0927201204: generated 41 coupon events (HFLY)
2026-04-14 14:21:45,103 [INFO] engines.inflow: ISIN BD0927231151: generated 31 coupon events (HFLY)
2026-04-14 14:21:45,133 [INFO] engines.inflow: ISIN BD0927241200: generated 41 coupon events (HFLY)
2026-04-14 14:21:45,191 [INFO] engines.inflow: ISIN BD0928261058: generated 11 coupon events (HFLY)
2026-04-14 14:21:45,220 [INFO] engines.inflow: ISIN BD0928271156: generated 31 coupon events (HFLY)
2026-04-14 14:21:45,269 [INFO] engines.inflow: ISIN BD0928281205: generated 41 coupon events (HFLY)
2026-04-14 14:21:45,318 [INFO] engines.inflow: ISIN BD0928311150: generated 31 coupon events (HFLY)
2026-04-14 14:21:45,356 [INFO] engines.inflow: ISIN BD0928321209: generated 41 coupon events (HFLY)
2026-04-14 14:21:45,401 [INFO] engines.inflow: ISIN BD0928351156: generated 31 coupon events (HFLY)
2026-04-14 14:21:45,435 [INFO] engines.inflow: ISIN BD0928361205: generated 41 coupon events (HFLY)
2026-04-14 14:21:45,476 [INFO] engines.inflow: ISIN BD0928381054: generated 11 coupon events (HFLY)
2026-04-14 14:21:45,490 [INFO] engines.inflow: ISIN BD0928391152: generated 31 coupon events (HFLY)
2026-04-14 14:21:45,536 [INFO] engines.inflow: ISIN BD0928401209: generated 41 coupon events (HFLY)
2026-04-14 14:21:45,585 [INFO] engines.inflow: ISIN BD0928431156: generated 31 coupon events (HFLY)
2026-04-14 14:21:45,624 [INFO] engines.inflow: ISIN BD0928441205: generated 41 coupon events (HFLY)
2026-04-14 14:21:45,672 [INFO] engines.inflow: ISIN BD0928461054: generated 11 coupon events (HFLY)
2026-04-14 14:21:45,687 [INFO] engines.inflow: ISIN BD0928471152: generated 31 coupon events (HFLY)
2026-04-14 14:21:45,724 [INFO] engines.inflow: ISIN BD0928331109: generated 21 coupon events (HFLY)
2026-04-14 14:21:45,764 [INFO] engines.inflow: ISIN BD0928481201: generated 41 coupon events (HFLY)
2026-04-14 14:21:45,810 [INFO] engines.inflow: ISIN BD0928041203: generated 41 coupon events (HFLY)
2026-04-14 14:21:45,853 [INFO] engines.inflow: ISIN BD0928041153: generated 31 coupon events (HFLY)
2026-04-14 14:21:45,888 [INFO] engines.inflow: ISIN BD0928061052: generated 11 coupon events (HFLY)
2026-04-14 14:21:45,903 [INFO] engines.inflow: ISIN BD0928081209: generated 41 coupon events (HFLY)
2026-04-14 14:21:45,950 [INFO] engines.inflow: ISIN BD0928081159: generated 30 coupon events (HFLY)
2026-04-14 14:21:45,979 [INFO] engines.inflow: ISIN BD0928101056: generated 11 coupon events (HFLY)
2026-04-14 14:21:45,996 [INFO] engines.inflow: ISIN BD0928121203: generated 41 coupon events (HFLY)
2026-04-14 14:21:46,047 [INFO] engines.inflow: ISIN BD0928121153: generated 31 coupon events (HFLY)
2026-04-14 14:21:46,071 [INFO] engines.inflow: ISIN BD0928161159: generated 31 coupon events (HFLY)
2026-04-14 14:21:46,109 [INFO] engines.inflow: ISIN BD0928161209: generated 41 coupon events (HFLY)
2026-04-14 14:21:46,149 [INFO] engines.inflow: ISIN BD0928181058: generated 11 coupon events (HFLY)
2026-04-14 14:21:46,162 [INFO] engines.inflow: ISIN BD0928131103: generated 21 coupon events (HFLY)
2026-04-14 14:21:46,194 [INFO] engines.inflow: ISIN BD0928201203: generated 41 coupon events (HFLY)
2026-04-14 14:21:46,258 [INFO] engines.inflow: ISIN BD0928201153: generated 31 coupon events (HFLY)
2026-04-14 14:21:46,320 [INFO] engines.inflow: ISIN BD0928221052: generated 11 coupon events (HFLY)
2026-04-14 14:21:46,354 [INFO] engines.inflow: ISIN BD0928241209: generated 41 coupon events (HFLY)
2026-04-14 14:21:46,442 [INFO] engines.inflow: ISIN BD0928241159: generated 31 coupon events (HFLY)
2026-04-14 14:21:46,492 [INFO] engines.inflow: ISIN BD0929281204: generated 41 coupon events (HFLY)
2026-04-14 14:21:46,551 [INFO] engines.inflow: ISIN BD0929281154: generated 31 coupon events (HFLY)
2026-04-14 14:21:46,594 [INFO] engines.inflow: ISIN BD0929321208: generated 41 coupon events (HFLY)
2026-04-14 14:21:46,639 [INFO] engines.inflow: ISIN BD0929321158: generated 31 coupon events (HFLY)
2026-04-14 14:21:46,669 [INFO] engines.inflow: ISIN BD0929361204: generated 41 coupon events (HFLY)
2026-04-14 14:21:46,708 [INFO] engines.inflow: ISIN BD0929361154: generated 31 coupon events (HFLY)
2026-04-14 14:21:46,733 [INFO] engines.inflow: ISIN BD0929401059: generated 11 coupon events (HFLY)
2026-04-14 14:21:46,745 [INFO] engines.inflow: ISIN BD0929311100: generated 21 coupon events (HFLY)
2026-04-14 14:21:46,772 [INFO] engines.inflow: ISIN BD0929401158: generated 31 coupon events (HFLY)
2026-04-14 14:21:46,813 [INFO] engines.inflow: ISIN BD0929401208: generated 41 coupon events (HFLY)
2026-04-14 14:21:46,859 [INFO] engines.inflow: ISIN BD0929431056: generated 11 coupon events (HFLY)
2026-04-14 14:21:46,880 [INFO] engines.inflow: ISIN BD0929441204: generated 41 coupon events (HFLY)
2026-04-14 14:21:46,932 [INFO] engines.inflow: ISIN BD0929441154: generated 31 coupon events (HFLY)
2026-04-14 14:21:46,968 [INFO] engines.inflow: ISIN BD0929381103: generated 21 coupon events (HFLY)
2026-04-14 14:21:46,991 [INFO] engines.inflow: ISIN BD0929481200: generated 41 coupon events (HFLY)
2026-04-14 14:21:47,026 [INFO] engines.inflow: ISIN BD0929481150: generated 31 coupon events (HFLY)
2026-04-14 14:21:47,061 [INFO] engines.inflow: ISIN BD0929041152: generated 31 coupon events (HFLY)
2026-04-14 14:21:47,092 [INFO] engines.inflow: ISIN BD0929041202: generated 41 coupon events (HFLY)
2026-04-14 14:21:47,129 [INFO] engines.inflow: ISIN BD0929061101: generated 21 coupon events (HFLY)
2026-04-14 14:21:47,156 [INFO] engines.inflow: ISIN BD0929081208: generated 41 coupon events (HFLY)
2026-04-14 14:21:47,207 [INFO] engines.inflow: ISIN BD0929081158: generated 31 coupon events (HFLY)
2026-04-14 14:21:47,235 [INFO] engines.inflow: ISIN BD0929121152: generated 31 coupon events (HFLY)
2026-04-14 14:21:47,265 [INFO] engines.inflow: ISIN BD0929151050: generated 11 coupon events (HFLY)
2026-04-14 14:21:47,275 [INFO] engines.inflow: ISIN BD0929161208: generated 41 coupon events (HFLY)
2026-04-14 14:21:47,311 [INFO] engines.inflow: ISIN BD0929161158: generated 31 coupon events (HFLY)
2026-04-14 14:21:47,343 [INFO] engines.inflow: ISIN BD0929201152: generated 31 coupon events (HFLY)
2026-04-14 14:21:47,371 [INFO] engines.inflow: ISIN BD0929241059: generated 11 coupon events (HFLY)
2026-04-14 14:21:47,382 [INFO] engines.inflow: ISIN BD0929221101: generated 21 coupon events (HFLY)
2026-04-14 14:21:47,404 [INFO] engines.inflow: ISIN BD0929201202: generated 41 coupon events (HFLY)
2026-04-14 14:21:47,448 [INFO] engines.inflow: ISIN BD0930261104: generated 21 coupon events (HFLY)
2026-04-14 14:21:47,476 [INFO] engines.inflow: ISIN BD0930321056: generated 11 coupon events (HFLY)
2026-04-14 14:21:47,493 [INFO] engines.inflow: ISIN BD0930251204: generated 41 coupon events (HFLY)
2026-04-14 14:21:47,535 [INFO] engines.inflow: ISIN BD0930281201: generated 41 coupon events (HFLY)
2026-04-14 14:21:47,589 [INFO] engines.inflow: ISIN BD0930401056: generated 11 coupon events (HFLY)
2026-04-14 14:21:47,599 [INFO] engines.inflow: ISIN BD0930321205: generated 41 coupon events (HFLY)
2026-04-14 14:21:47,648 [INFO] engines.inflow: ISIN BD0930381100: generated 21 coupon events (HFLY)
2026-04-14 14:21:47,669 [INFO] engines.inflow: ISIN BD0930361201: generated 41 coupon events (HFLY)
2026-04-14 14:21:47,706 [INFO] engines.inflow: ISIN BD0930431103: generated 21 coupon events (HFLY)
2026-04-14 14:21:47,735 [INFO] engines.inflow: ISIN BD0930481058: generated 11 coupon events (HFLY)
2026-04-14 14:21:47,749 [INFO] engines.inflow: ISIN BD0930401205: generated 41 coupon events (HFLY)
2026-04-14 14:21:47,809 [INFO] engines.inflow: ISIN BD0930031101: generated 21 coupon events (HFLY)
2026-04-14 14:21:47,834 [INFO] engines.inflow: ISIN BD0930041209: generated 41 coupon events (HFLY)
2026-04-14 14:21:47,877 [INFO] engines.inflow: ISIN BD0930041159: generated 31 coupon events (HFLY)
2026-04-14 14:21:47,915 [INFO] engines.inflow: ISIN BD0930081205: generated 41 coupon events (HFLY)
2026-04-14 14:21:47,969 [INFO] engines.inflow: ISIN BD0930101052: generated 11 coupon events (HFLY)
2026-04-14 14:21:47,979 [INFO] engines.inflow: ISIN BD0930121159: generated 31 coupon events (HFLY)
2026-04-14 14:21:48,013 [INFO] engines.inflow: ISIN BD0930121209: generated 41 coupon events (HFLY)
2026-04-14 14:21:48,059 [INFO] engines.inflow: ISIN BD0930141108: generated 21 coupon events (HFLY)
2026-04-14 14:21:48,082 [INFO] engines.inflow: ISIN BD0930161205: generated 41 coupon events (HFLY)
2026-04-14 14:21:48,172 [INFO] engines.inflow: ISIN BD0930201209: generated 41 coupon events (HFLY)
2026-04-14 14:21:48,275 [INFO] engines.inflow: ISIN BD0930211059: generated 11 coupon events (HFLY)
2026-04-14 14:21:48,309 [INFO] engines.inflow: ISIN BD0930241205: generated 41 coupon events (HFLY)
2026-04-14 14:21:48,361 [INFO] engines.inflow: ISIN BD0931281200: generated 41 coupon events (HFLY)
2026-04-14 14:21:48,413 [INFO] engines.inflow: ISIN BD0931301107: generated 21 coupon events (HFLY)
2026-04-14 14:21:48,458 [INFO] engines.inflow: ISIN BD0931321204: generated 41 coupon events (HFLY)
2026-04-14 14:21:48,581 [INFO] engines.inflow: ISIN BD0931361200: generated 41 coupon events (HFLY)
2026-04-14 14:21:48,632 [INFO] engines.inflow: ISIN BD0931401204: generated 41 coupon events (HFLY)
2026-04-14 14:21:48,682 [INFO] engines.inflow: ISIN BD0931401154: generated 31 coupon events (HFLY)
2026-04-14 14:21:48,715 [INFO] engines.inflow: ISIN BD0931401105: generated 21 coupon events (HFLY)
2026-04-14 14:21:48,750 [INFO] engines.inflow: ISIN BD0931441200: generated 41 coupon events (HFLY)
2026-04-14 14:21:48,803 [INFO] engines.inflow: ISIN BD0931471207: generated 41 coupon events (HFLY)
2026-04-14 14:21:48,847 [INFO] engines.inflow: ISIN BD0931481107: generated 21 coupon events (HFLY)
2026-04-14 14:21:48,885 [INFO] engines.inflow: ISIN BD0931041208: generated 41 coupon events (HFLY)
2026-04-14 14:21:48,933 [INFO] engines.inflow: ISIN BD0931081204: generated 41 coupon events (HFLY)
2026-04-14 14:21:48,971 [INFO] engines.inflow: ISIN BD0931121208: generated 41 coupon events (HFLY)
2026-04-14 14:21:49,012 [INFO] engines.inflow: ISIN BD0931561106: generated 21 coupon events (HFLY)
2026-04-14 14:21:49,029 [INFO] engines.inflow: ISIN BD0931161204: generated 41 coupon events (HFLY)
2026-04-14 14:21:49,071 [INFO] engines.inflow: ISIN BD0931201208: generated 41 coupon events (HFLY)
2026-04-14 14:21:49,103 [INFO] engines.inflow: ISIN BD0931241204: generated 41 coupon events (HFLY)
2026-04-14 14:21:49,145 [INFO] engines.inflow: ISIN BD0932691100: generated 21 coupon events (HFLY)
2026-04-14 14:21:49,163 [INFO] engines.inflow: ISIN BD0932281209: generated 41 coupon events (HFLY)
2026-04-14 14:21:49,202 [INFO] engines.inflow: ISIN BD0932321203: generated 40 coupon events (HFLY)
2026-04-14 14:21:49,233 [INFO] engines.inflow: ISIN BD0932361209: generated 41 coupon events (HFLY)
2026-04-14 14:21:49,269 [INFO] engines.inflow: ISIN BD0932401203: generated 41 coupon events (HFLY)
2026-04-14 14:21:49,305 [INFO] engines.inflow: ISIN BD0932851100: generated 21 coupon events (HFLY)
2026-04-14 14:21:49,330 [INFO] engines.inflow: ISIN BD0932441209: generated 41 coupon events (HFLY)
2026-04-14 14:21:49,368 [INFO] engines.inflow: ISIN BD0932891106: generated 21 coupon events (HFLY)
2026-04-14 14:21:49,385 [INFO] engines.inflow: ISIN BD0932481205: generated 41 coupon events (HFLY)
2026-04-14 14:21:49,430 [INFO] engines.inflow: ISIN BD0932041207: generated 41 coupon events (HFLY)
2026-04-14 14:21:49,466 [INFO] engines.inflow: ISIN BD0932081203: generated 40 coupon events (HFLY)
2026-04-14 14:21:49,504 [INFO] engines.inflow: ISIN BD0932111109: generated 21 coupon events (HFLY)
2026-04-14 14:21:49,526 [INFO] engines.inflow: ISIN BD0932121207: generated 41 coupon events (HFLY)
2026-04-14 14:21:49,560 [INFO] engines.inflow: ISIN BD0932161203: generated 41 coupon events (HFLY)
2026-04-14 14:21:49,598 [INFO] engines.inflow: ISIN BD0932201207: generated 41 coupon events (HFLY)
2026-04-14 14:21:49,626 [INFO] engines.inflow: ISIN BD0932231105: generated 21 coupon events (HFLY)
2026-04-14 14:21:49,643 [INFO] engines.inflow: ISIN BD0932241203: generated 41 coupon events (HFLY)
2026-04-14 14:21:49,681 [INFO] engines.inflow: ISIN BD0933281208: generated 41 coupon events (HFLY)
2026-04-14 14:21:49,723 [INFO] engines.inflow: ISIN BD0933321202: generated 41 coupon events (HFLY)
2026-04-14 14:21:49,760 [INFO] engines.inflow: ISIN BD0933351100: generated 21 coupon events (HFLY)
2026-04-14 14:21:49,782 [INFO] engines.inflow: ISIN BD0933361208: generated 41 coupon events (HFLY)
2026-04-14 14:21:49,824 [INFO] engines.inflow: ISIN BD0933401202: generated 41 coupon events (HFLY)
2026-04-14 14:21:49,859 [INFO] engines.inflow: ISIN BD0933441208: generated 41 coupon events (HFLY)
2026-04-14 14:21:49,899 [INFO] engines.inflow: ISIN BD0933481204: generated 41 coupon events (HFLY)
2026-04-14 14:21:49,936 [INFO] engines.inflow: ISIN BD0933041206: generated 41 coupon events (HFLY)
2026-04-14 14:21:49,974 [INFO] engines.inflow: ISIN BD0933071104: generated 21 coupon events (HFLY)
2026-04-14 14:21:49,996 [INFO] engines.inflow: ISIN BD0933081202: generated 40 coupon events (HFLY)
2026-04-14 14:21:50,040 [INFO] engines.inflow: ISIN BD0933121206: generated 41 coupon events (HFLY)
2026-04-14 14:21:50,074 [INFO] engines.inflow: ISIN BD0933101158: generated 31 coupon events (HFLY)
2026-04-14 14:21:50,110 [INFO] engines.inflow: ISIN BD0933161202: generated 41 coupon events (HFLY)
2026-04-14 14:21:50,143 [INFO] engines.inflow: ISIN BD0933201206: generated 41 coupon events (HFLY)
2026-04-14 14:21:50,179 [INFO] engines.inflow: ISIN BD0933141154: generated 31 coupon events (HFLY)
2026-04-14 14:21:50,207 [INFO] engines.inflow: ISIN BD0933241202: generated 41 coupon events (HFLY)
2026-04-14 14:21:50,245 [INFO] engines.inflow: ISIN BD0934281207: generated 41 coupon events (HFLY)
2026-04-14 14:21:50,279 [INFO] engines.inflow: ISIN BD0934311103: generated 21 coupon events (HFLY)
2026-04-14 14:21:50,299 [INFO] engines.inflow: ISIN BD0934321201: generated 41 coupon events (HFLY)
2026-04-14 14:21:50,330 [INFO] engines.inflow: ISIN BD0934361207: generated 41 coupon events (HFLY)
2026-04-14 14:21:50,364 [INFO] engines.inflow: ISIN BD0934401102: generated 21 coupon events (HFLY)
2026-04-14 14:21:50,394 [INFO] engines.inflow: ISIN BD0934401201: generated 41 coupon events (HFLY)
2026-04-14 14:21:50,441 [INFO] engines.inflow: ISIN BD0934441207: generated 41 coupon events (HFLY)
2026-04-14 14:21:50,487 [INFO] engines.inflow: ISIN BD0934481104: generated 21 coupon events (HFLY)
2026-04-14 14:21:50,507 [INFO] engines.inflow: ISIN BD0934481203: generated 41 coupon events (HFLY)
2026-04-14 14:21:50,550 [INFO] engines.inflow: ISIN BD0934041205: generated 41 coupon events (HFLY)
2026-04-14 14:21:50,585 [INFO] engines.inflow: ISIN BD0934081201: generated 41 coupon events (HFLY)
2026-04-14 14:21:50,623 [INFO] engines.inflow: ISIN BD0934121205: generated 41 coupon events (HFLY)
2026-04-14 14:21:50,663 [INFO] engines.inflow: ISIN BD0934161201: generated 41 coupon events (HFLY)
2026-04-14 14:21:50,696 [INFO] engines.inflow: ISIN BD0934201205: generated 41 coupon events (HFLY)
2026-04-14 14:21:50,738 [INFO] engines.inflow: ISIN BD0935291106: generated 21 coupon events (HFLY)
2026-04-14 14:21:50,753 [INFO] engines.inflow: ISIN BD0935371106: generated 21 coupon events (HFLY)
2026-04-14 14:21:50,783 [INFO] engines.inflow: ISIN BD0935391153: generated 31 coupon events (HFLY)
2026-04-14 14:21:50,807 [INFO] engines.inflow: ISIN BD0935451106: generated 21 coupon events (HFLY)
2026-04-14 14:21:50,842 [INFO] engines.inflow: ISIN BD0935441156: generated 31 coupon events (HFLY)
2026-04-14 14:21:50,865 [INFO] engines.inflow: ISIN BD0935031106: generated 21 coupon events (HFLY)
2026-04-14 14:21:50,901 [INFO] engines.inflow: ISIN BD0935041204: generated 41 coupon events (HFLY)
2026-04-14 14:21:50,941 [INFO] engines.inflow: ISIN BD0935191108: generated 21 coupon events (HFLY)
2026-04-14 14:21:50,956 [INFO] engines.inflow: ISIN BD0935201204: generated 41 coupon events (HFLY)
2026-04-14 14:21:51,002 [INFO] engines.inflow: ISIN BD0936401209: generated 41 coupon events (HFLY)
2026-04-14 14:21:51,045 [INFO] engines.inflow: ISIN BD0936491150: generated 31 coupon events (HFLY)
2026-04-14 14:21:51,072 [INFO] engines.inflow: ISIN BD0937821157: generated 31 coupon events (HFLY)
2026-04-14 14:21:51,109 [INFO] engines.inflow: ISIN BD0937901157: generated 31 coupon events (HFLY)
2026-04-14 14:21:51,135 [INFO] engines.inflow: ISIN BD0938141209: generated 41 coupon events (HFLY)
2026-04-14 14:21:51,177 [INFO] engines.inflow: ISIN BD0939371151: generated 31 coupon events (HFLY)
2026-04-14 14:21:51,254 [INFO] engines.inflow: ISIN BD0939391209: generated 41 coupon events (HFLY)
2026-04-14 14:21:51,315 [INFO] engines.inflow: ISIN BD0940381157: generated 31 coupon events (HFLY)
2026-04-14 14:21:51,363 [INFO] engines.inflow: ISIN BD0940401203: generated 41 coupon events (HFLY)
2026-04-14 14:21:51,421 [INFO] engines.inflow: ISIN BD0940441209: generated 41 coupon events (HFLY)
2026-04-14 14:21:51,479 [INFO] engines.inflow: ISIN BD0940081153: generated 31 coupon events (HFLY)
2026-04-14 14:21:51,516 [INFO] engines.inflow: ISIN BD0941451207: generated 41 coupon events (HFLY)
2026-04-14 14:21:51,553 [INFO] engines.inflow: ISIN BD0942781206: generated 41 coupon events (HFLY)
2026-04-14 14:21:51,598 [INFO] engines.inflow: ISIN BD0942901200: generated 41 coupon events (HFLY)
2026-04-14 14:21:51,643 [INFO] engines.inflow: ISIN BD0942241201: generated 41 coupon events (HFLY)
2026-04-14 14:21:51,686 [INFO] engines.inflow: ISIN BD0943281206: generated 41 coupon events (HFLY)
2026-04-14 14:21:51,731 [INFO] engines.inflow: ISIN BD0944051202: generated 41 coupon events (HFLY)
2026-04-14 14:21:51,792 [INFO] engines.inflow: ISIN BD0945461202: generated 41 coupon events (HFLY)
2026-04-14 14:21:51,838 [INFO] engines.inflow: ISIN BD0945081208: generated 41 coupon events (HFLY)
2026-04-14 14:21:51,878 [INFO] engines.inflow: ISIN BD0927141038: generated 13 coupon events (QRTY)
2026-04-14 14:21:51,895 [INFO] engines.inflow: ISIN BD0927231037: generated 13 coupon events (QRTY)
2026-04-14 14:21:51,917 [INFO] engines.inflow: ISIN BD0928271032: generated 13 coupon events (QRTY)
2026-04-14 14:21:51,933 [INFO] engines.inflow: ISIN BD0928431032: generated 13 coupon events (QRTY)
2026-04-14 14:21:51,953 [INFO] engines.inflow: ISIN BD0928471038: generated 13 coupon events (QRTY)
2026-04-14 14:21:51,971 [INFO] engines.inflow: ISIN BD0928011032: generated 13 coupon events (QRTY)
2026-04-14 14:21:51,989 [INFO] engines.inflow: ISIN BD0928131038: generated 13 coupon events (QRTY)
2026-04-14 14:21:52,016 [INFO] engines.inflow: ISIN BD0929261032: generated 13 coupon events (QRTY)
2026-04-14 14:21:52,314 [INFO] engines.pipeline: Events: 323 maturities, 6930 coupon dates
2026-04-14 14:21:52,349 [INFO] fetchers.auction_parser: Auction HTML parse from C:\Users\Administrator\Desktop\mm_dashboard\data\seeds\auction_calendar.csv: 84 total rows | T-Bill: 60 | T-Bond: 20 | FRTB: 4
2026-04-14 14:21:52,349 [INFO] engines.outflow: AUCTION | T_BILL 182D | auction_date=2026-02-15 | adjusted_outflow_date=2026-02-16 | roll=0d | reason: No adjustment needed
2026-04-14 14:21:52,350 [INFO] engines.outflow: AUCTION | T_BILL 364D | auction_date=2026-02-15 | adjusted_outflow_date=2026-02-16 | roll=0d | reason: No adjustment needed
2026-04-14 14:21:52,351 [INFO] engines.outflow: AUCTION | T_BILL 91D  | auction_date=2026-02-15 | adjusted_outflow_date=2026-02-16 | roll=0d | reason: No adjustment needed
2026-04-14 14:21:52,352 [INFO] engines.outflow: AUCTION | T_BOND 5Y   | auction_date=2026-02-17 | adjusted_outflow_date=2026-02-18 | roll=0d | reason: No adjustment needed
2026-04-14 14:21:52,353 [INFO] engines.outflow: AUCTION | T_BILL 182D | auction_date=2026-02-22 | adjusted_outflow_date=2026-02-23 | roll=0d | reason: No adjustment needed
2026-04-14 14:21:52,353 [INFO] engines.outflow: AUCTION | T_BILL 364D | auction_date=2026-02-22 | adjusted_outflow_date=2026-02-23 | roll=0d | reason: No adjustment needed
2026-04-14 14:21:52,354 [INFO] engines.outflow: AUCTION | T_BILL 91D  | auction_date=2026-02-22 | adjusted_outflow_date=2026-02-23 | roll=0d | reason: No adjustment needed
2026-04-14 14:21:52,354 [INFO] engines.outflow: AUCTION | T_BOND 10Y  | auction_date=2026-02-24 | adjusted_outflow_date=2026-02-25 | roll=0d | reason: No adjustment needed
2026-04-14 14:21:52,354 [INFO] engines.outflow: AUCTION | T_BILL 182D | auction_date=2026-03-01 | adjusted_outflow_date=2026-03-02 | roll=0d | reason: No adjustment needed
2026-04-14 14:21:52,355 [INFO] engines.outflow: AUCTION | T_BILL 364D | auction_date=2026-03-01 | adjusted_outflow_date=2026-03-02 | roll=0d | reason: No adjustment needed
2026-04-14 14:21:52,355 [INFO] engines.outflow: AUCTION | T_BILL 91D  | auction_date=2026-03-01 | adjusted_outflow_date=2026-03-02 | roll=0d | reason: No adjustment needed
2026-04-14 14:21:52,355 [INFO] engines.outflow: AUCTION | T_BOND 15Y  | auction_date=2026-03-03 | adjusted_outflow_date=2026-03-04 | roll=0d | reason: No adjustment needed
2026-04-14 14:21:52,356 [INFO] engines.outflow: AUCTION | T_BOND 20Y  | auction_date=2026-03-03 | adjusted_outflow_date=2026-03-04 | roll=0d | reason: No adjustment needed
2026-04-14 14:21:52,357 [INFO] engines.outflow: AUCTION | T_BILL 182D | auction_date=2026-03-08 | adjusted_outflow_date=2026-03-09 | roll=0d | reason: No adjustment needed
2026-04-14 14:21:52,357 [INFO] engines.outflow: AUCTION | T_BILL 364D | auction_date=2026-03-08 | adjusted_outflow_date=2026-03-09 | roll=0d | reason: No adjustment needed
2026-04-14 14:21:52,358 [INFO] engines.outflow: AUCTION | T_BILL 91D  | auction_date=2026-03-08 | adjusted_outflow_date=2026-03-09 | roll=0d | reason: No adjustment needed
2026-04-14 14:21:52,358 [INFO] engines.outflow: AUCTION | T_BOND 2Y   | auction_date=2026-03-10 | adjusted_outflow_date=2026-03-11 | roll=0d | reason: No adjustment needed
2026-04-14 14:21:52,358 [INFO] engines.outflow: AUCTION | FRTB 3Y_FRTB | auction_date=2026-03-10 | adjusted_outflow_date=2026-03-11 | roll=0d | reason: No adjustment needed
2026-04-14 14:21:52,359 [INFO] engines.outflow: AUCTION | T_BILL 182D | auction_date=2026-03-15 | adjusted_outflow_date=2026-03-16 | roll=0d | reason: No adjustment needed
2026-04-14 14:21:52,360 [INFO] engines.outflow: AUCTION | T_BILL 364D | auction_date=2026-03-15 | adjusted_outflow_date=2026-03-16 | roll=0d | reason: No adjustment needed
2026-04-14 14:21:52,360 [INFO] engines.outflow: AUCTION | T_BILL 91D  | auction_date=2026-03-15 | adjusted_outflow_date=2026-03-16 | roll=0d | reason: No adjustment needed
2026-04-14 14:21:52,361 [INFO] engines.outflow: AUCTION | T_BOND 5Y   | auction_date=2026-03-17 | adjusted_outflow_date=2026-03-18 | roll=0d | reason: No adjustment needed
2026-04-14 14:21:52,362 [INFO] engines.outflow: AUCTION | T_BILL 182D | auction_date=2026-03-22 | adjusted_outflow_date=2026-03-23 | roll=0d | reason: No adjustment needed
2026-04-14 14:21:52,363 [INFO] engines.outflow: AUCTION | T_BILL 364D | auction_date=2026-03-22 | adjusted_outflow_date=2026-03-23 | roll=0d | reason: No adjustment needed
2026-04-14 14:21:52,363 [INFO] engines.outflow: AUCTION | T_BILL 91D  | auction_date=2026-03-22 | adjusted_outflow_date=2026-03-23 | roll=0d | reason: No adjustment needed
2026-04-14 14:21:52,365 [INFO] engines.outflow: AUCTION | T_BOND 10Y  | auction_date=2026-03-24 | adjusted_outflow_date=2026-03-25 | roll=0d | reason: No adjustment needed
2026-04-14 14:21:52,366 [INFO] engines.outflow: AUCTION | T_BILL 182D | auction_date=2026-03-29 | adjusted_outflow_date=2026-04-02 | roll=3d | reason: Skipped: 2026-03-30 (HOLIDAY), 2026-03-31 (HOLIDAY), 2026-04-01 (HOLIDAY)
2026-04-14 14:21:52,367 [INFO] engines.outflow: AUCTION | T_BILL 364D | auction_date=2026-03-29 | adjusted_outflow_date=2026-04-02 | roll=3d | reason: Skipped: 2026-03-30 (HOLIDAY), 2026-03-31 (HOLIDAY), 2026-04-01 (HOLIDAY)
2026-04-14 14:21:52,368 [INFO] engines.outflow: AUCTION | T_BILL 91D  | auction_date=2026-03-29 | adjusted_outflow_date=2026-04-02 | roll=3d | reason: Skipped: 2026-03-30 (HOLIDAY), 2026-03-31 (HOLIDAY), 2026-04-01 (HOLIDAY)
2026-04-14 14:21:52,368 [INFO] engines.outflow: AUCTION | T_BOND 15Y  | auction_date=2026-03-31 | adjusted_outflow_date=2026-04-02 | roll=1d | reason: Skipped: 2026-04-01 (HOLIDAY)
2026-04-14 14:21:52,369 [INFO] engines.outflow: AUCTION | T_BOND 20Y  | auction_date=2026-03-31 | adjusted_outflow_date=2026-04-02 | roll=1d | reason: Skipped: 2026-04-01 (HOLIDAY)
2026-04-14 14:21:52,369 [INFO] engines.outflow: AUCTION | T_BILL 182D | auction_date=2026-04-05 | adjusted_outflow_date=2026-04-06 | roll=0d | reason: No adjustment needed
2026-04-14 14:21:52,370 [INFO] engines.outflow: AUCTION | T_BILL 364D | auction_date=2026-04-05 | adjusted_outflow_date=2026-04-06 | roll=0d | reason: No adjustment needed
2026-04-14 14:21:52,370 [INFO] engines.outflow: AUCTION | T_BILL 91D  | auction_date=2026-04-05 | adjusted_outflow_date=2026-04-06 | roll=0d | reason: No adjustment needed
2026-04-14 14:21:52,371 [INFO] engines.outflow: AUCTION | T_BOND 2Y   | auction_date=2026-04-07 | adjusted_outflow_date=2026-04-08 | roll=0d | reason: No adjustment needed
2026-04-14 14:21:52,372 [INFO] engines.outflow: AUCTION | FRTB 3Y_FRTB | auction_date=2026-04-07 | adjusted_outflow_date=2026-04-08 | roll=0d | reason: No adjustment needed
2026-04-14 14:21:52,374 [INFO] engines.outflow: AUCTION | T_BILL 182D | auction_date=2026-04-12 | adjusted_outflow_date=2026-04-13 | roll=0d | reason: No adjustment needed
2026-04-14 14:21:52,376 [INFO] engines.outflow: AUCTION | T_BILL 364D | auction_date=2026-04-12 | adjusted_outflow_date=2026-04-13 | roll=0d | reason: No adjustment needed
2026-04-14 14:21:52,377 [INFO] engines.outflow: AUCTION | T_BILL 91D  | auction_date=2026-04-12 | adjusted_outflow_date=2026-04-13 | roll=0d | reason: No adjustment needed
2026-04-14 14:21:52,379 [INFO] engines.outflow: AUCTION | T_BOND 5Y   | auction_date=2026-04-13 | adjusted_outflow_date=2026-04-14 | roll=0d | reason: No adjustment needed
2026-04-14 14:21:52,381 [INFO] engines.outflow: AUCTION | T_BILL 182D | auction_date=2026-04-19 | adjusted_outflow_date=2026-04-20 | roll=0d | reason: No adjustment needed
2026-04-14 14:21:52,382 [INFO] engines.outflow: AUCTION | T_BILL 364D | auction_date=2026-04-19 | adjusted_outflow_date=2026-04-20 | roll=0d | reason: No adjustment needed
2026-04-14 14:21:52,383 [INFO] engines.outflow: AUCTION | T_BILL 91D  | auction_date=2026-04-19 | adjusted_outflow_date=2026-04-20 | roll=0d | reason: No adjustment needed
2026-04-14 14:21:52,383 [INFO] engines.outflow: AUCTION | T_BOND 10Y  | auction_date=2026-04-21 | adjusted_outflow_date=2026-04-22 | roll=0d | reason: No adjustment needed
2026-04-14 14:21:52,384 [INFO] engines.outflow: AUCTION | T_BILL 182D | auction_date=2026-04-26 | adjusted_outflow_date=2026-04-27 | roll=0d | reason: No adjustment needed
2026-04-14 14:21:52,385 [INFO] engines.outflow: AUCTION | T_BILL 364D | auction_date=2026-04-26 | adjusted_outflow_date=2026-04-27 | roll=0d | reason: No adjustment needed
2026-04-14 14:21:52,386 [INFO] engines.outflow: AUCTION | T_BILL 91D  | auction_date=2026-04-26 | adjusted_outflow_date=2026-04-27 | roll=0d | reason: No adjustment needed
2026-04-14 14:21:52,386 [INFO] engines.outflow: AUCTION | T_BOND 15Y  | auction_date=2026-04-28 | adjusted_outflow_date=2026-04-29 | roll=0d | reason: No adjustment needed
2026-04-14 14:21:52,387 [INFO] engines.outflow: AUCTION | T_BOND 20Y  | auction_date=2026-04-28 | adjusted_outflow_date=2026-04-29 | roll=0d | reason: No adjustment needed
2026-04-14 14:21:52,388 [INFO] engines.outflow: AUCTION | T_BILL 182D | auction_date=2026-05-03 | adjusted_outflow_date=2026-05-04 | roll=0d | reason: No adjustment needed
2026-04-14 14:21:52,388 [INFO] engines.outflow: AUCTION | T_BILL 364D | auction_date=2026-05-03 | adjusted_outflow_date=2026-05-04 | roll=0d | reason: No adjustment needed
2026-04-14 14:21:52,389 [INFO] engines.outflow: AUCTION | T_BILL 91D  | auction_date=2026-05-03 | adjusted_outflow_date=2026-05-04 | roll=0d | reason: No adjustment needed
2026-04-14 14:21:52,389 [INFO] engines.outflow: AUCTION | T_BOND 2Y   | auction_date=2026-05-05 | adjusted_outflow_date=2026-05-06 | roll=0d | reason: No adjustment needed
2026-04-14 14:21:52,390 [INFO] engines.outflow: AUCTION | FRTB 3Y_FRTB | auction_date=2026-05-05 | adjusted_outflow_date=2026-05-06 | roll=0d | reason: No adjustment needed
2026-04-14 14:21:52,390 [INFO] engines.outflow: AUCTION | T_BILL 182D | auction_date=2026-05-10 | adjusted_outflow_date=2026-05-11 | roll=0d | reason: No adjustment needed
2026-04-14 14:21:52,391 [INFO] engines.outflow: AUCTION | T_BILL 364D | auction_date=2026-05-10 | adjusted_outflow_date=2026-05-11 | roll=0d | reason: No adjustment needed
2026-04-14 14:21:52,391 [INFO] engines.outflow: AUCTION | T_BILL 91D  | auction_date=2026-05-10 | adjusted_outflow_date=2026-05-11 | roll=0d | reason: No adjustment needed
2026-04-14 14:21:52,392 [INFO] engines.outflow: AUCTION | T_BOND 5Y   | auction_date=2026-05-12 | adjusted_outflow_date=2026-05-13 | roll=0d | reason: No adjustment needed
2026-04-14 14:21:52,392 [INFO] engines.outflow: AUCTION | T_BOND 10Y  | auction_date=2026-05-14 | adjusted_outflow_date=2026-05-17 | roll=2d | reason: Skipped: 2026-05-15 (FRIDAY), 2026-05-16 (SATURDAY)
2026-04-14 14:21:52,393 [INFO] engines.outflow: AUCTION | T_BILL 182D | auction_date=2026-05-17 | adjusted_outflow_date=2026-05-18 | roll=0d | reason: No adjustment needed
2026-04-14 14:21:52,393 [INFO] engines.outflow: AUCTION | T_BILL 364D | auction_date=2026-05-17 | adjusted_outflow_date=2026-05-18 | roll=0d | reason: No adjustment needed
2026-04-14 14:21:52,394 [INFO] engines.outflow: AUCTION | T_BILL 91D  | auction_date=2026-05-17 | adjusted_outflow_date=2026-05-18 | roll=0d | reason: No adjustment needed
2026-04-14 14:21:52,395 [INFO] engines.outflow: AUCTION | T_BOND 15Y  | auction_date=2026-05-19 | adjusted_outflow_date=2026-05-20 | roll=0d | reason: No adjustment needed
2026-04-14 14:21:52,396 [INFO] engines.outflow: AUCTION | T_BOND 20Y  | auction_date=2026-05-19 | adjusted_outflow_date=2026-05-20 | roll=0d | reason: No adjustment needed
2026-04-14 14:21:52,396 [INFO] engines.outflow: AUCTION | T_BILL 182D | auction_date=2026-05-24 | adjusted_outflow_date=2026-05-25 | roll=0d | reason: No adjustment needed
2026-04-14 14:21:52,397 [INFO] engines.outflow: AUCTION | T_BILL 364D | auction_date=2026-05-24 | adjusted_outflow_date=2026-05-25 | roll=0d | reason: No adjustment needed
2026-04-14 14:21:52,398 [INFO] engines.outflow: AUCTION | T_BILL 91D  | auction_date=2026-05-24 | adjusted_outflow_date=2026-05-25 | roll=0d | reason: No adjustment needed
2026-04-14 14:21:52,401 [INFO] engines.outflow: AUCTION | T_BILL 182D | auction_date=2026-05-31 | adjusted_outflow_date=2026-06-01 | roll=0d | reason: No adjustment needed
2026-04-14 14:21:52,401 [INFO] engines.outflow: AUCTION | T_BILL 364D | auction_date=2026-05-31 | adjusted_outflow_date=2026-06-01 | roll=0d | reason: No adjustment needed
2026-04-14 14:21:52,402 [INFO] engines.outflow: AUCTION | T_BILL 91D  | auction_date=2026-05-31 | adjusted_outflow_date=2026-06-01 | roll=0d | reason: No adjustment needed
2026-04-14 14:21:52,402 [INFO] engines.outflow: AUCTION | T_BOND 2Y   | auction_date=2026-06-02 | adjusted_outflow_date=2026-06-03 | roll=0d | reason: No adjustment needed
2026-04-14 14:21:52,403 [INFO] engines.outflow: AUCTION | FRTB 3Y_FRTB | auction_date=2026-06-02 | adjusted_outflow_date=2026-06-03 | roll=0d | reason: No adjustment needed
2026-04-14 14:21:52,403 [INFO] engines.outflow: AUCTION | T_BILL 182D | auction_date=2026-06-07 | adjusted_outflow_date=2026-06-08 | roll=0d | reason: No adjustment needed
2026-04-14 14:21:52,404 [INFO] engines.outflow: AUCTION | T_BILL 364D | auction_date=2026-06-07 | adjusted_outflow_date=2026-06-08 | roll=0d | reason: No adjustment needed
2026-04-14 14:21:52,405 [INFO] engines.outflow: AUCTION | T_BILL 91D  | auction_date=2026-06-07 | adjusted_outflow_date=2026-06-08 | roll=0d | reason: No adjustment needed
2026-04-14 14:21:52,405 [INFO] engines.outflow: AUCTION | T_BILL 182D | auction_date=2026-06-14 | adjusted_outflow_date=2026-06-15 | roll=0d | reason: No adjustment needed
2026-04-14 14:21:52,406 [INFO] engines.outflow: AUCTION | T_BILL 364D | auction_date=2026-06-14 | adjusted_outflow_date=2026-06-15 | roll=0d | reason: No adjustment needed
2026-04-14 14:21:52,406 [INFO] engines.outflow: AUCTION | T_BILL 91D  | auction_date=2026-06-14 | adjusted_outflow_date=2026-06-15 | roll=0d | reason: No adjustment needed
2026-04-14 14:21:52,407 [INFO] engines.outflow: AUCTION | T_BILL 182D | auction_date=2026-06-21 | adjusted_outflow_date=2026-06-22 | roll=0d | reason: No adjustment needed
2026-04-14 14:21:52,407 [INFO] engines.outflow: AUCTION | T_BILL 364D | auction_date=2026-06-21 | adjusted_outflow_date=2026-06-22 | roll=0d | reason: No adjustment needed
2026-04-14 14:21:52,408 [INFO] engines.outflow: AUCTION | T_BILL 91D  | auction_date=2026-06-21 | adjusted_outflow_date=2026-06-22 | roll=0d | reason: No adjustment needed
2026-04-14 14:21:52,409 [INFO] engines.outflow: AUCTION | T_BILL 182D | auction_date=2026-06-28 | adjusted_outflow_date=2026-06-29 | roll=0d | reason: No adjustment needed
2026-04-14 14:21:52,410 [INFO] engines.outflow: AUCTION | T_BILL 364D | auction_date=2026-06-28 | adjusted_outflow_date=2026-06-29 | roll=0d | reason: No adjustment needed
2026-04-14 14:21:52,411 [INFO] engines.outflow: AUCTION | T_BILL 91D  | auction_date=2026-06-28 | adjusted_outflow_date=2026-06-29 | roll=0d | reason: No adjustment needed
2026-04-14 14:21:52,412 [INFO] engines.outflow: ============================================================
2026-04-14 14:21:52,413 [INFO] engines.outflow: AUCTION OUTFLOW SUMMARY (84 events, 0 errors)
2026-04-14 14:21:52,415 [INFO] engines.outflow: Type         Tenor  AucNo  Auction Date Outflow Date Adjustment
2026-04-14 14:21:52,416 [INFO] engines.outflow: T_BILL       182D   33     2026-02-15   2026-02-16   No adjustment needed
2026-04-14 14:21:52,416 [INFO] engines.outflow: T_BILL       364D   33     2026-02-15   2026-02-16   No adjustment needed
2026-04-14 14:21:52,417 [INFO] engines.outflow: T_BILL       91D    33     2026-02-15   2026-02-16   No adjustment needed
2026-04-14 14:21:52,417 [INFO] engines.outflow: T_BOND       5Y     B31    2026-02-17   2026-02-18   No adjustment needed
2026-04-14 14:21:52,417 [INFO] engines.outflow: T_BILL       182D   34     2026-02-22   2026-02-23   No adjustment needed
2026-04-14 14:21:52,418 [INFO] engines.outflow: T_BILL       364D   34     2026-02-22   2026-02-23   No adjustment needed
2026-04-14 14:21:52,418 [INFO] engines.outflow: T_BILL       91D    34     2026-02-22   2026-02-23   No adjustment needed
2026-04-14 14:21:52,418 [INFO] engines.outflow: T_BOND       10Y    B32    2026-02-24   2026-02-25   No adjustment needed
2026-04-14 14:21:52,419 [INFO] engines.outflow: T_BILL       182D   35     2026-03-01   2026-03-02   No adjustment needed
2026-04-14 14:21:52,419 [INFO] engines.outflow: T_BILL       364D   35     2026-03-01   2026-03-02   No adjustment needed
2026-04-14 14:21:52,419 [INFO] engines.outflow: T_BILL       91D    35     2026-03-01   2026-03-02   No adjustment needed
2026-04-14 14:21:52,420 [INFO] engines.outflow: T_BOND       15Y    B33    2026-03-03   2026-03-04   No adjustment needed
2026-04-14 14:21:52,420 [INFO] engines.outflow: T_BOND       20Y    B33    2026-03-03   2026-03-04   No adjustment needed
2026-04-14 14:21:52,421 [INFO] engines.outflow: T_BILL       182D   36     2026-03-08   2026-03-09   No adjustment needed
2026-04-14 14:21:52,421 [INFO] engines.outflow: T_BILL       364D   36     2026-03-08   2026-03-09   No adjustment needed
2026-04-14 14:21:52,422 [INFO] engines.outflow: T_BILL       91D    36     2026-03-08   2026-03-09   No adjustment needed
2026-04-14 14:21:52,423 [INFO] engines.outflow: T_BOND       2Y     B34    2026-03-10   2026-03-11   No adjustment needed
2026-04-14 14:21:52,424 [INFO] engines.outflow: FRTB         3Y_FRTB B34    2026-03-10   2026-03-11   No adjustment needed
2026-04-14 14:21:52,425 [INFO] engines.outflow: T_BILL       182D   37     2026-03-15   2026-03-16   No adjustment needed
2026-04-14 14:21:52,425 [INFO] engines.outflow: T_BILL       364D   37     2026-03-15   2026-03-16   No adjustment needed
2026-04-14 14:21:52,426 [INFO] engines.outflow: T_BILL       91D    37     2026-03-15   2026-03-16   No adjustment needed
2026-04-14 14:21:52,427 [INFO] engines.outflow: T_BOND       5Y     B35    2026-03-17   2026-03-18   No adjustment needed
2026-04-14 14:21:52,428 [INFO] engines.outflow: T_BILL       182D   38     2026-03-22   2026-03-23   No adjustment needed
2026-04-14 14:21:52,428 [INFO] engines.outflow: T_BILL       364D   38     2026-03-22   2026-03-23   No adjustment needed
2026-04-14 14:21:52,429 [INFO] engines.outflow: T_BILL       91D    38     2026-03-22   2026-03-23   No adjustment needed
2026-04-14 14:21:52,430 [INFO] engines.outflow: T_BOND       10Y    B36    2026-03-24   2026-03-25   No adjustment needed
2026-04-14 14:21:52,430 [INFO] engines.outflow: T_BILL       182D   39     2026-03-29   2026-04-02   Skipped: 2026-03-30 (HOLIDAY), 2026-03-31 (HOLIDAY), 2026-04-01 (HOLIDAY)
2026-04-14 14:21:52,431 [INFO] engines.outflow: T_BILL       364D   39     2026-03-29   2026-04-02   Skipped: 2026-03-30 (HOLIDAY), 2026-03-31 (HOLIDAY), 2026-04-01 (HOLIDAY)
2026-04-14 14:21:52,431 [INFO] engines.outflow: T_BILL       91D    39     2026-03-29   2026-04-02   Skipped: 2026-03-30 (HOLIDAY), 2026-03-31 (HOLIDAY), 2026-04-01 (HOLIDAY)
2026-04-14 14:21:52,431 [INFO] engines.outflow: T_BOND       15Y    B37    2026-03-31   2026-04-02   Skipped: 2026-04-01 (HOLIDAY)
2026-04-14 14:21:52,432 [INFO] engines.outflow: T_BOND       20Y    B37    2026-03-31   2026-04-02   Skipped: 2026-04-01 (HOLIDAY)
2026-04-14 14:21:52,432 [INFO] engines.outflow: T_BILL       182D   40     2026-04-05   2026-04-06   No adjustment needed
2026-04-14 14:21:52,432 [INFO] engines.outflow: T_BILL       364D   40     2026-04-05   2026-04-06   No adjustment needed
2026-04-14 14:21:52,432 [INFO] engines.outflow: T_BILL       91D    40     2026-04-05   2026-04-06   No adjustment needed
2026-04-14 14:21:52,433 [INFO] engines.outflow: T_BOND       2Y     B38    2026-04-07   2026-04-08   No adjustment needed
2026-04-14 14:21:52,433 [INFO] engines.outflow: FRTB         3Y_FRTB B38    2026-04-07   2026-04-08   No adjustment needed
2026-04-14 14:21:52,434 [INFO] engines.outflow: T_BILL       182D   41     2026-04-12   2026-04-13   No adjustment needed
2026-04-14 14:21:52,434 [INFO] engines.outflow: T_BILL       364D   41     2026-04-12   2026-04-13   No adjustment needed
2026-04-14 14:21:52,435 [INFO] engines.outflow: T_BILL       91D    41     2026-04-12   2026-04-13   No adjustment needed
2026-04-14 14:21:52,436 [INFO] engines.outflow: T_BOND       5Y     B39    2026-04-13   2026-04-14   No adjustment needed
2026-04-14 14:21:52,436 [INFO] engines.outflow: T_BILL       182D   42     2026-04-19   2026-04-20   No adjustment needed
2026-04-14 14:21:52,436 [INFO] engines.outflow: T_BILL       364D   42     2026-04-19   2026-04-20   No adjustment needed
2026-04-14 14:21:52,437 [INFO] engines.outflow: T_BILL       91D    42     2026-04-19   2026-04-20   No adjustment needed
2026-04-14 14:21:52,438 [INFO] engines.outflow: T_BOND       10Y    B40    2026-04-21   2026-04-22   No adjustment needed
2026-04-14 14:21:52,438 [INFO] engines.outflow: T_BILL       182D   43     2026-04-26   2026-04-27   No adjustment needed
2026-04-14 14:21:52,438 [INFO] engines.outflow: T_BILL       364D   43     2026-04-26   2026-04-27   No adjustment needed
2026-04-14 14:21:52,439 [INFO] engines.outflow: T_BILL       91D    43     2026-04-26   2026-04-27   No adjustment needed
2026-04-14 14:21:52,439 [INFO] engines.outflow: T_BOND       15Y    B41    2026-04-28   2026-04-29   No adjustment needed
2026-04-14 14:21:52,440 [INFO] engines.outflow: T_BOND       20Y    B41    2026-04-28   2026-04-29   No adjustment needed
2026-04-14 14:21:52,441 [INFO] engines.outflow: T_BILL       182D   44     2026-05-03   2026-05-04   No adjustment needed
2026-04-14 14:21:52,441 [INFO] engines.outflow: T_BILL       364D   44     2026-05-03   2026-05-04   No adjustment needed
2026-04-14 14:21:52,442 [INFO] engines.outflow: T_BILL       91D    44     2026-05-03   2026-05-04   No adjustment needed
2026-04-14 14:21:52,442 [INFO] engines.outflow: T_BOND       2Y     B42    2026-05-05   2026-05-06   No adjustment needed
2026-04-14 14:21:52,443 [INFO] engines.outflow: FRTB         3Y_FRTB B42    2026-05-05   2026-05-06   No adjustment needed
2026-04-14 14:21:52,443 [INFO] engines.outflow: T_BILL       182D   45     2026-05-10   2026-05-11   No adjustment needed
2026-04-14 14:21:52,443 [INFO] engines.outflow: T_BILL       364D   45     2026-05-10   2026-05-11   No adjustment needed
2026-04-14 14:21:52,444 [INFO] engines.outflow: T_BILL       91D    45     2026-05-10   2026-05-11   No adjustment needed
2026-04-14 14:21:52,445 [INFO] engines.outflow: T_BOND       5Y     B43    2026-05-12   2026-05-13   No adjustment needed
2026-04-14 14:21:52,446 [INFO] engines.outflow: T_BOND       10Y    B44    2026-05-14   2026-05-17   Skipped: 2026-05-15 (FRIDAY), 2026-05-16 (SATURDAY)
2026-04-14 14:21:52,448 [INFO] engines.outflow: T_BILL       182D   46     2026-05-17   2026-05-18   No adjustment needed
2026-04-14 14:21:52,450 [INFO] engines.outflow: T_BILL       364D   46     2026-05-17   2026-05-18   No adjustment needed
2026-04-14 14:21:52,451 [INFO] engines.outflow: T_BILL       91D    46     2026-05-17   2026-05-18   No adjustment needed
2026-04-14 14:21:52,452 [INFO] engines.outflow: T_BOND       15Y    B45    2026-05-19   2026-05-20   No adjustment needed
2026-04-14 14:21:52,452 [INFO] engines.outflow: T_BOND       20Y    B45    2026-05-19   2026-05-20   No adjustment needed
2026-04-14 14:21:52,452 [INFO] engines.outflow: T_BILL       182D   47     2026-05-24   2026-05-25   No adjustment needed
2026-04-14 14:21:52,453 [INFO] engines.outflow: T_BILL       364D   47     2026-05-24   2026-05-25   No adjustment needed
2026-04-14 14:21:52,453 [INFO] engines.outflow: T_BILL       91D    47     2026-05-24   2026-05-25   No adjustment needed
2026-04-14 14:21:52,454 [INFO] engines.outflow: T_BILL       182D   48     2026-05-31   2026-06-01   No adjustment needed
2026-04-14 14:21:52,456 [INFO] engines.outflow: T_BILL       364D   48     2026-05-31   2026-06-01   No adjustment needed
2026-04-14 14:21:52,457 [INFO] engines.outflow: T_BILL       91D    48     2026-05-31   2026-06-01   No adjustment needed
2026-04-14 14:21:52,461 [INFO] engines.outflow: T_BOND       2Y     B46    2026-06-02   2026-06-03   No adjustment needed
2026-04-14 14:21:52,465 [INFO] engines.outflow: FRTB         3Y_FRTB B46    2026-06-02   2026-06-03   No adjustment needed
2026-04-14 14:21:52,466 [INFO] engines.outflow: T_BILL       182D   49     2026-06-07   2026-06-08   No adjustment needed
2026-04-14 14:21:52,466 [INFO] engines.outflow: T_BILL       364D   49     2026-06-07   2026-06-08   No adjustment needed
2026-04-14 14:21:52,467 [INFO] engines.outflow: T_BILL       91D    49     2026-06-07   2026-06-08   No adjustment needed
2026-04-14 14:21:52,467 [INFO] engines.outflow: T_BILL       182D   50     2026-06-14   2026-06-15   No adjustment needed
2026-04-14 14:21:52,469 [INFO] engines.outflow: T_BILL       364D   50     2026-06-14   2026-06-15   No adjustment needed
2026-04-14 14:21:52,471 [INFO] engines.outflow: T_BILL       91D    50     2026-06-14   2026-06-15   No adjustment needed
2026-04-14 14:21:52,471 [INFO] engines.outflow: T_BILL       182D   51     2026-06-21   2026-06-22   No adjustment needed
2026-04-14 14:21:52,472 [INFO] engines.outflow: T_BILL       364D   51     2026-06-21   2026-06-22   No adjustment needed
2026-04-14 14:21:52,473 [INFO] engines.outflow: T_BILL       91D    51     2026-06-21   2026-06-22   No adjustment needed
2026-04-14 14:21:52,474 [INFO] engines.outflow: T_BILL       182D   52     2026-06-28   2026-06-29   No adjustment needed
2026-04-14 14:21:52,475 [INFO] engines.outflow: T_BILL       364D   52     2026-06-28   2026-06-29   No adjustment needed
2026-04-14 14:21:52,477 [INFO] engines.outflow: T_BILL       91D    52     2026-06-28   2026-06-29   No adjustment needed
2026-04-14 14:21:52,478 [INFO] engines.outflow: ============================================================
2026-04-14 14:21:52,747 [INFO] engines.aggregation: Built 298 daily flow rows
2026-04-14 14:21:52,827 [INFO] engines.pipeline: Pipeline complete | fetched=320 | db_securities=323 | maturities=323 | coupons=6930 | auctions=84 | daily_rows=298 | errors=0
2026-04-14 14:21:52,834 [INFO] run: Pipeline result: {'securities_fetched': 320, 'securities_in_db': 323, 'securities': 320, 'coupons': 6930, 'maturities': 323, 'auctions': 84, 'daily_rows': 298, 'errors': []}
2026-04-14 16:26:20,638 [INFO] run: Running pipeline: 2026-02-13 to 2027-04-14
2026-04-14 16:26:20,691 [INFO] db: Database initialised at C:\Users\Administrator\Desktop\mm_dashboard\data\mm_dashboard.db
2026-04-14 16:26:20,718 [INFO] calendar_utils: Holiday calendar loaded: 10 public holidays
2026-04-14 16:26:20,718 [INFO] engines.pipeline: Loaded 10 holidays
2026-04-14 16:26:20,718 [INFO] fetchers.gsom: Fetching T_BOND from https://gsom.bb.org.bd/mtm.php
2026-04-14 16:26:24,090 [INFO] fetchers.http_client: Fetched https://gsom.bb.org.bd/mtm.php (311030 bytes)
2026-04-14 16:26:24,092 [INFO] fetchers.gsom: Fetched T_BOND: 311030 bytes
2026-04-14 16:26:24,371 [INFO] parsers.securities: Parsed 225 rows from https://gsom.bb.org.bd/mtm.php
2026-04-14 16:26:24,372 [INFO] engines.pipeline: GSOM T_BOND: fetched 225 rows from https://gsom.bb.org.bd/mtm.php
2026-04-14 16:26:24,372 [INFO] fetchers.gsom: Fetching FRTB from https://gsom.bb.org.bd/mtm-frtb.php
2026-04-14 16:26:25,615 [INFO] fetchers.http_client: Fetched https://gsom.bb.org.bd/mtm-frtb.php (19937 bytes)
2026-04-14 16:26:25,618 [INFO] fetchers.gsom: Fetched FRTB: 19937 bytes
2026-04-14 16:26:25,633 [INFO] parsers.securities: Parsed 8 rows from https://gsom.bb.org.bd/mtm-frtb.php
2026-04-14 16:26:25,633 [INFO] engines.pipeline: GSOM FRTB: fetched 8 rows from https://gsom.bb.org.bd/mtm-frtb.php
2026-04-14 16:26:25,634 [INFO] fetchers.gsom: Fetching T_BILL from https://gsom.bb.org.bd/mtm-bill.php
2026-04-14 16:26:27,168 [INFO] fetchers.http_client: Fetched https://gsom.bb.org.bd/mtm-bill.php (97038 bytes)
2026-04-14 16:26:27,170 [INFO] fetchers.gsom: Fetched T_BILL: 97038 bytes
2026-04-14 16:26:27,234 [INFO] parsers.securities: Parsed 87 T-Bill rows from https://gsom.bb.org.bd/mtm-bill.php
2026-04-14 16:26:27,235 [INFO] engines.pipeline: GSOM T_BILL: fetched 87 rows from https://gsom.bb.org.bd/mtm-bill.php
2026-04-14 16:26:27,235 [INFO] engines.pipeline: GSOM total: 320 securities fetched across all pages
2026-04-14 16:26:27,440 [INFO] engines.pipeline: Regenerating events for 323 securities in DB
2026-04-14 16:26:27,442 [WARNING] engines.inflow: ISIN BD0926341159: missing ['next_coupon_date'] — cannot generate coupon schedule
2026-04-14 16:26:27,447 [INFO] engines.inflow: ISIN BD0926421027: generated 5 coupon events (HFLY)
2026-04-14 16:26:27,456 [INFO] engines.inflow: ISIN BD0926381155: generated 31 coupon events (HFLY)
2026-04-14 16:26:27,485 [INFO] engines.inflow: ISIN BD0926461023: generated 5 coupon events (HFLY)
2026-04-14 16:26:27,489 [INFO] engines.inflow: ISIN BD0926421159: generated 31 coupon events (HFLY)
2026-04-14 16:26:27,510 [INFO] engines.inflow: ISIN BD0926431059: generated 11 coupon events (HFLY)
2026-04-14 16:26:27,520 [INFO] engines.inflow: ISIN BD0926021108: generated 21 coupon events (HFLY)
2026-04-14 16:26:27,539 [INFO] engines.inflow: ISIN BD0926061021: generated 5 coupon events (HFLY)
2026-04-14 16:26:27,547 [INFO] engines.inflow: ISIN BD0926071152: generated 31 coupon events (HFLY)
2026-04-14 16:26:27,568 [INFO] engines.inflow: ISIN BD0926541055: generated 11 coupon events (HFLY)
2026-04-14 16:26:27,581 [INFO] engines.inflow: ISIN BD0926111156: generated 31 coupon events (HFLY)
2026-04-14 16:26:27,611 [INFO] engines.inflow: ISIN BD0926141021: generated 5 coupon events (HFLY)
2026-04-14 16:26:27,617 [INFO] engines.inflow: ISIN BD0926151152: generated 31 coupon events (HFLY)
2026-04-14 16:26:27,641 [INFO] engines.inflow: ISIN BD0926191026: generated 5 coupon events (HFLY)
2026-04-14 16:26:27,646 [INFO] engines.inflow: ISIN BD0926601057: generated 11 coupon events (HFLY)
2026-04-14 16:26:27,657 [INFO] engines.inflow: ISIN BD0926191158: generated 31 coupon events (HFLY)
2026-04-14 16:26:27,690 [INFO] engines.inflow: ISIN BD0926231152: generated 31 coupon events (HFLY)
2026-04-14 16:26:27,714 [INFO] engines.inflow: ISIN BD0927271025: generated 5 coupon events (HFLY)
2026-04-14 16:26:27,719 [INFO] engines.inflow: ISIN BD0927271157: generated 31 coupon events (HFLY)
2026-04-14 16:26:27,743 [INFO] engines.inflow: ISIN BD0927251100: generated 21 coupon events (HFLY)
2026-04-14 16:26:27,771 [INFO] engines.inflow: ISIN BD0927311029: generated 5 coupon events (HFLY)
2026-04-14 16:26:27,781 [INFO] engines.inflow: ISIN BD0927311151: generated 31 coupon events (HFLY)
2026-04-14 16:26:27,805 [INFO] engines.inflow: ISIN BD0927351025: generated 5 coupon events (HFLY)
2026-04-14 16:26:27,810 [INFO] engines.inflow: ISIN BD0927761058: generated 11 coupon events (HFLY)
2026-04-14 16:26:27,826 [INFO] engines.inflow: ISIN BD0927351157: generated 31 coupon events (HFLY)
2026-04-14 16:26:27,856 [INFO] engines.inflow: ISIN BD0927391021: generated 5 coupon events (HFLY)
2026-04-14 16:26:27,864 [INFO] engines.inflow: ISIN BD0927391153: generated 31 coupon events (HFLY)
2026-04-14 16:26:27,886 [INFO] engines.inflow: ISIN BD0927431025: generated 5 coupon events (HFLY)
2026-04-14 16:26:27,895 [INFO] engines.inflow: ISIN BD0927841058: generated 11 coupon events (HFLY)
2026-04-14 16:26:27,907 [INFO] engines.inflow: ISIN BD0927431157: generated 31 coupon events (HFLY)
2026-04-14 16:26:27,933 [INFO] engines.inflow: ISIN BD0927471021: generated 5 coupon events (HFLY)
2026-04-14 16:26:27,942 [INFO] engines.inflow: ISIN BD0927471153: generated 31 coupon events (HFLY)
2026-04-14 16:26:27,966 [INFO] engines.inflow: ISIN BD0927011025: generated 5 coupon events (HFLY)
2026-04-14 16:26:27,971 [INFO] engines.inflow: ISIN BD0927021057: generated 11 coupon events (HFLY)
2026-04-14 16:26:27,986 [INFO] engines.inflow: ISIN BD0927031155: generated 31 coupon events (HFLY)
2026-04-14 16:26:28,017 [INFO] engines.inflow: ISIN BD0927041204: generated 41 coupon events (HFLY)
2026-04-14 16:26:28,052 [INFO] engines.inflow: ISIN BD0927081200: generated 40 coupon events (HFLY)
2026-04-14 16:26:28,097 [INFO] engines.inflow: ISIN BD0927091027: generated 5 coupon events (HFLY)
2026-04-14 16:26:28,106 [INFO] engines.inflow: ISIN BD0927111155: generated 31 coupon events (HFLY)
2026-04-14 16:26:28,133 [INFO] engines.inflow: ISIN BD0927121204: generated 41 coupon events (HFLY)
2026-04-14 16:26:28,162 [INFO] engines.inflow: ISIN BD0927151151: generated 31 coupon events (HFLY)
2026-04-14 16:26:28,196 [INFO] engines.inflow: ISIN BD0927101107: generated 21 coupon events (HFLY)
2026-04-14 16:26:28,213 [INFO] engines.inflow: ISIN BD0927161200: generated 41 coupon events (HFLY)
2026-04-14 16:26:28,242 [INFO] engines.inflow: ISIN BD0927171027: generated 5 coupon events (HFLY)
2026-04-14 16:26:28,247 [INFO] engines.inflow: ISIN BD0927181059: generated 11 coupon events (HFLY)
2026-04-14 16:26:28,261 [INFO] engines.inflow: ISIN BD0927191157: generated 31 coupon events (HFLY)
2026-04-14 16:26:28,284 [INFO] engines.inflow: ISIN BD0927201204: generated 41 coupon events (HFLY)
2026-04-14 16:26:28,318 [INFO] engines.inflow: ISIN BD0927231151: generated 31 coupon events (HFLY)
2026-04-14 16:26:28,339 [INFO] engines.inflow: ISIN BD0927241200: generated 41 coupon events (HFLY)
2026-04-14 16:26:28,370 [INFO] engines.inflow: ISIN BD0928261058: generated 11 coupon events (HFLY)
2026-04-14 16:26:28,384 [INFO] engines.inflow: ISIN BD0928271156: generated 31 coupon events (HFLY)
2026-04-14 16:26:28,411 [INFO] engines.inflow: ISIN BD0928281205: generated 41 coupon events (HFLY)
2026-04-14 16:26:28,447 [INFO] engines.inflow: ISIN BD0928311150: generated 31 coupon events (HFLY)
2026-04-14 16:26:28,466 [INFO] engines.inflow: ISIN BD0928321209: generated 41 coupon events (HFLY)
2026-04-14 16:26:28,500 [INFO] engines.inflow: ISIN BD0928351156: generated 31 coupon events (HFLY)
2026-04-14 16:26:28,527 [INFO] engines.inflow: ISIN BD0928361205: generated 41 coupon events (HFLY)
2026-04-14 16:26:28,557 [INFO] engines.inflow: ISIN BD0928381054: generated 11 coupon events (HFLY)
2026-04-14 16:26:28,572 [INFO] engines.inflow: ISIN BD0928391152: generated 31 coupon events (HFLY)
2026-04-14 16:26:28,604 [INFO] engines.inflow: ISIN BD0928401209: generated 41 coupon events (HFLY)
2026-04-14 16:26:28,635 [INFO] engines.inflow: ISIN BD0928431156: generated 31 coupon events (HFLY)
2026-04-14 16:26:28,661 [INFO] engines.inflow: ISIN BD0928441205: generated 41 coupon events (HFLY)
2026-04-14 16:26:28,695 [INFO] engines.inflow: ISIN BD0928461054: generated 11 coupon events (HFLY)
2026-04-14 16:26:28,712 [INFO] engines.inflow: ISIN BD0928471152: generated 31 coupon events (HFLY)
2026-04-14 16:26:28,731 [INFO] engines.inflow: ISIN BD0928331109: generated 21 coupon events (HFLY)
2026-04-14 16:26:28,761 [INFO] engines.inflow: ISIN BD0928481201: generated 41 coupon events (HFLY)
2026-04-14 16:26:28,794 [INFO] engines.inflow: ISIN BD0928041203: generated 41 coupon events (HFLY)
2026-04-14 16:26:28,822 [INFO] engines.inflow: ISIN BD0928041153: generated 31 coupon events (HFLY)
2026-04-14 16:26:28,845 [INFO] engines.inflow: ISIN BD0928061052: generated 11 coupon events (HFLY)
2026-04-14 16:26:28,856 [INFO] engines.inflow: ISIN BD0928081209: generated 41 coupon events (HFLY)
2026-04-14 16:26:28,885 [INFO] engines.inflow: ISIN BD0928081159: generated 30 coupon events (HFLY)
2026-04-14 16:26:28,910 [INFO] engines.inflow: ISIN BD0928101056: generated 11 coupon events (HFLY)
2026-04-14 16:26:28,924 [INFO] engines.inflow: ISIN BD0928121203: generated 41 coupon events (HFLY)
2026-04-14 16:26:28,956 [INFO] engines.inflow: ISIN BD0928121153: generated 31 coupon events (HFLY)
2026-04-14 16:26:28,992 [INFO] engines.inflow: ISIN BD0928161159: generated 31 coupon events (HFLY)
2026-04-14 16:26:29,013 [INFO] engines.inflow: ISIN BD0928161209: generated 41 coupon events (HFLY)
2026-04-14 16:26:29,048 [INFO] engines.inflow: ISIN BD0928181058: generated 11 coupon events (HFLY)
2026-04-14 16:26:29,059 [INFO] engines.inflow: ISIN BD0928131103: generated 21 coupon events (HFLY)
2026-04-14 16:26:29,087 [INFO] engines.inflow: ISIN BD0928201203: generated 41 coupon events (HFLY)
2026-04-14 16:26:29,125 [INFO] engines.inflow: ISIN BD0928201153: generated 31 coupon events (HFLY)
2026-04-14 16:26:29,148 [INFO] engines.inflow: ISIN BD0928221052: generated 11 coupon events (HFLY)
2026-04-14 16:26:29,159 [INFO] engines.inflow: ISIN BD0928241209: generated 41 coupon events (HFLY)
2026-04-14 16:26:29,193 [INFO] engines.inflow: ISIN BD0928241159: generated 31 coupon events (HFLY)
2026-04-14 16:26:29,214 [INFO] engines.inflow: ISIN BD0929281204: generated 41 coupon events (HFLY)
2026-04-14 16:26:29,267 [INFO] engines.inflow: ISIN BD0929281154: generated 31 coupon events (HFLY)
2026-04-14 16:26:29,312 [INFO] engines.inflow: ISIN BD0929321208: generated 41 coupon events (HFLY)
2026-04-14 16:26:29,364 [INFO] engines.inflow: ISIN BD0929321158: generated 31 coupon events (HFLY)
2026-04-14 16:26:29,408 [INFO] engines.inflow: ISIN BD0929361204: generated 41 coupon events (HFLY)
2026-04-14 16:26:29,455 [INFO] engines.inflow: ISIN BD0929361154: generated 31 coupon events (HFLY)
2026-04-14 16:26:29,499 [INFO] engines.inflow: ISIN BD0929401059: generated 11 coupon events (HFLY)
2026-04-14 16:26:29,510 [INFO] engines.inflow: ISIN BD0929311100: generated 21 coupon events (HFLY)
2026-04-14 16:26:29,533 [INFO] engines.inflow: ISIN BD0929401158: generated 31 coupon events (HFLY)
2026-04-14 16:26:29,566 [INFO] engines.inflow: ISIN BD0929401208: generated 41 coupon events (HFLY)
2026-04-14 16:26:29,618 [INFO] engines.inflow: ISIN BD0929431056: generated 11 coupon events (HFLY)
2026-04-14 16:26:29,633 [INFO] engines.inflow: ISIN BD0929441204: generated 41 coupon events (HFLY)
2026-04-14 16:26:29,672 [INFO] engines.inflow: ISIN BD0929441154: generated 31 coupon events (HFLY)
2026-04-14 16:26:29,693 [INFO] engines.inflow: ISIN BD0929381103: generated 21 coupon events (HFLY)
2026-04-14 16:26:29,713 [INFO] engines.inflow: ISIN BD0929481200: generated 41 coupon events (HFLY)
2026-04-14 16:26:29,747 [INFO] engines.inflow: ISIN BD0929481150: generated 31 coupon events (HFLY)
2026-04-14 16:26:29,770 [INFO] engines.inflow: ISIN BD0929041152: generated 31 coupon events (HFLY)
2026-04-14 16:26:29,791 [INFO] engines.inflow: ISIN BD0929041202: generated 41 coupon events (HFLY)
2026-04-14 16:26:29,849 [INFO] engines.inflow: ISIN BD0929061101: generated 21 coupon events (HFLY)
2026-04-14 16:26:29,872 [INFO] engines.inflow: ISIN BD0929081208: generated 41 coupon events (HFLY)
2026-04-14 16:26:29,979 [INFO] engines.inflow: ISIN BD0929081158: generated 31 coupon events (HFLY)
2026-04-14 16:26:30,003 [INFO] engines.inflow: ISIN BD0929121152: generated 31 coupon events (HFLY)
2026-04-14 16:26:30,033 [INFO] engines.inflow: ISIN BD0929151050: generated 11 coupon events (HFLY)
2026-04-14 16:26:30,050 [INFO] engines.inflow: ISIN BD0929161208: generated 41 coupon events (HFLY)
2026-04-14 16:26:30,092 [INFO] engines.inflow: ISIN BD0929161158: generated 31 coupon events (HFLY)
2026-04-14 16:26:30,113 [INFO] engines.inflow: ISIN BD0929201152: generated 31 coupon events (HFLY)
2026-04-14 16:26:30,134 [INFO] engines.inflow: ISIN BD0929241059: generated 11 coupon events (HFLY)
2026-04-14 16:26:30,149 [INFO] engines.inflow: ISIN BD0929221101: generated 21 coupon events (HFLY)
2026-04-14 16:26:30,168 [INFO] engines.inflow: ISIN BD0929201202: generated 41 coupon events (HFLY)
2026-04-14 16:26:30,200 [INFO] engines.inflow: ISIN BD0930261104: generated 21 coupon events (HFLY)
2026-04-14 16:26:30,213 [INFO] engines.inflow: ISIN BD0930321056: generated 11 coupon events (HFLY)
2026-04-14 16:26:30,228 [INFO] engines.inflow: ISIN BD0930251204: generated 41 coupon events (HFLY)
2026-04-14 16:26:30,266 [INFO] engines.inflow: ISIN BD0930281201: generated 41 coupon events (HFLY)
2026-04-14 16:26:30,302 [INFO] engines.inflow: ISIN BD0930401056: generated 11 coupon events (HFLY)
2026-04-14 16:26:30,317 [INFO] engines.inflow: ISIN BD0930321205: generated 41 coupon events (HFLY)
2026-04-14 16:26:30,352 [INFO] engines.inflow: ISIN BD0930381100: generated 21 coupon events (HFLY)
2026-04-14 16:26:30,368 [INFO] engines.inflow: ISIN BD0930361201: generated 41 coupon events (HFLY)
2026-04-14 16:26:30,407 [INFO] engines.inflow: ISIN BD0930431103: generated 21 coupon events (HFLY)
2026-04-14 16:26:30,432 [INFO] engines.inflow: ISIN BD0930481058: generated 11 coupon events (HFLY)
2026-04-14 16:26:30,448 [INFO] engines.inflow: ISIN BD0930401205: generated 41 coupon events (HFLY)
2026-04-14 16:26:30,496 [INFO] engines.inflow: ISIN BD0930031101: generated 21 coupon events (HFLY)
2026-04-14 16:26:30,524 [INFO] engines.inflow: ISIN BD0930041209: generated 41 coupon events (HFLY)
2026-04-14 16:26:30,568 [INFO] engines.inflow: ISIN BD0930041159: generated 31 coupon events (HFLY)
2026-04-14 16:26:30,599 [INFO] engines.inflow: ISIN BD0930081205: generated 41 coupon events (HFLY)
2026-04-14 16:26:30,649 [INFO] engines.inflow: ISIN BD0930101052: generated 11 coupon events (HFLY)
2026-04-14 16:26:30,657 [INFO] engines.inflow: ISIN BD0930121159: generated 31 coupon events (HFLY)
2026-04-14 16:26:30,683 [INFO] engines.inflow: ISIN BD0930121209: generated 41 coupon events (HFLY)
2026-04-14 16:26:30,711 [INFO] engines.inflow: ISIN BD0930141108: generated 21 coupon events (HFLY)
2026-04-14 16:26:30,734 [INFO] engines.inflow: ISIN BD0930161205: generated 41 coupon events (HFLY)
2026-04-14 16:26:30,765 [INFO] engines.inflow: ISIN BD0930201209: generated 41 coupon events (HFLY)
2026-04-14 16:26:30,802 [INFO] engines.inflow: ISIN BD0930211059: generated 11 coupon events (HFLY)
2026-04-14 16:26:30,811 [INFO] engines.inflow: ISIN BD0930241205: generated 41 coupon events (HFLY)
2026-04-14 16:26:30,846 [INFO] engines.inflow: ISIN BD0931281200: generated 41 coupon events (HFLY)
2026-04-14 16:26:30,875 [INFO] engines.inflow: ISIN BD0931301107: generated 21 coupon events (HFLY)
2026-04-14 16:26:30,898 [INFO] engines.inflow: ISIN BD0931321204: generated 41 coupon events (HFLY)
2026-04-14 16:26:30,932 [INFO] engines.inflow: ISIN BD0931361200: generated 41 coupon events (HFLY)
2026-04-14 16:26:30,965 [INFO] engines.inflow: ISIN BD0931401204: generated 41 coupon events (HFLY)
2026-04-14 16:26:31,000 [INFO] engines.inflow: ISIN BD0931401154: generated 31 coupon events (HFLY)
2026-04-14 16:26:31,027 [INFO] engines.inflow: ISIN BD0931401105: generated 21 coupon events (HFLY)
2026-04-14 16:26:31,039 [INFO] engines.inflow: ISIN BD0931441200: generated 41 coupon events (HFLY)
2026-04-14 16:26:31,075 [INFO] engines.inflow: ISIN BD0931471207: generated 41 coupon events (HFLY)
2026-04-14 16:26:31,116 [INFO] engines.inflow: ISIN BD0931481107: generated 21 coupon events (HFLY)
2026-04-14 16:26:31,140 [INFO] engines.inflow: ISIN BD0931041208: generated 41 coupon events (HFLY)
2026-04-14 16:26:31,172 [INFO] engines.inflow: ISIN BD0931081204: generated 41 coupon events (HFLY)
2026-04-14 16:26:31,210 [INFO] engines.inflow: ISIN BD0931121208: generated 41 coupon events (HFLY)
2026-04-14 16:26:31,248 [INFO] engines.inflow: ISIN BD0931561106: generated 21 coupon events (HFLY)
2026-04-14 16:26:31,265 [INFO] engines.inflow: ISIN BD0931161204: generated 41 coupon events (HFLY)
2026-04-14 16:26:31,294 [INFO] engines.inflow: ISIN BD0931201208: generated 41 coupon events (HFLY)
2026-04-14 16:26:31,338 [INFO] engines.inflow: ISIN BD0931241204: generated 41 coupon events (HFLY)
2026-04-14 16:26:31,370 [INFO] engines.inflow: ISIN BD0932691100: generated 21 coupon events (HFLY)
2026-04-14 16:26:31,381 [INFO] engines.inflow: ISIN BD0932281209: generated 41 coupon events (HFLY)
2026-04-14 16:26:31,417 [INFO] engines.inflow: ISIN BD0932321203: generated 40 coupon events (HFLY)
2026-04-14 16:26:31,459 [INFO] engines.inflow: ISIN BD0932361209: generated 41 coupon events (HFLY)
2026-04-14 16:26:31,491 [INFO] engines.inflow: ISIN BD0932401203: generated 41 coupon events (HFLY)
2026-04-14 16:26:31,525 [INFO] engines.inflow: ISIN BD0932851100: generated 21 coupon events (HFLY)
2026-04-14 16:26:31,547 [INFO] engines.inflow: ISIN BD0932441209: generated 41 coupon events (HFLY)
2026-04-14 16:26:31,575 [INFO] engines.inflow: ISIN BD0932891106: generated 21 coupon events (HFLY)
2026-04-14 16:26:31,593 [INFO] engines.inflow: ISIN BD0932481205: generated 41 coupon events (HFLY)
2026-04-14 16:26:31,621 [INFO] engines.inflow: ISIN BD0932041207: generated 41 coupon events (HFLY)
2026-04-14 16:26:31,655 [INFO] engines.inflow: ISIN BD0932081203: generated 40 coupon events (HFLY)
2026-04-14 16:26:31,697 [INFO] engines.inflow: ISIN BD0932111109: generated 21 coupon events (HFLY)
2026-04-14 16:26:31,720 [INFO] engines.inflow: ISIN BD0932121207: generated 41 coupon events (HFLY)
2026-04-14 16:26:31,751 [INFO] engines.inflow: ISIN BD0932161203: generated 41 coupon events (HFLY)
2026-04-14 16:26:31,781 [INFO] engines.inflow: ISIN BD0932201207: generated 41 coupon events (HFLY)
2026-04-14 16:26:31,813 [INFO] engines.inflow: ISIN BD0932231105: generated 21 coupon events (HFLY)
2026-04-14 16:26:31,830 [INFO] engines.inflow: ISIN BD0932241203: generated 41 coupon events (HFLY)
2026-04-14 16:26:31,863 [INFO] engines.inflow: ISIN BD0933281208: generated 41 coupon events (HFLY)
2026-04-14 16:26:31,899 [INFO] engines.inflow: ISIN BD0933321202: generated 41 coupon events (HFLY)
2026-04-14 16:26:31,933 [INFO] engines.inflow: ISIN BD0933351100: generated 21 coupon events (HFLY)
2026-04-14 16:26:31,950 [INFO] engines.inflow: ISIN BD0933361208: generated 41 coupon events (HFLY)
2026-04-14 16:26:31,987 [INFO] engines.inflow: ISIN BD0933401202: generated 41 coupon events (HFLY)
2026-04-14 16:26:32,022 [INFO] engines.inflow: ISIN BD0933441208: generated 41 coupon events (HFLY)
2026-04-14 16:26:32,051 [INFO] engines.inflow: ISIN BD0933481204: generated 41 coupon events (HFLY)
2026-04-14 16:26:32,080 [INFO] engines.inflow: ISIN BD0933041206: generated 41 coupon events (HFLY)
2026-04-14 16:26:32,120 [INFO] engines.inflow: ISIN BD0933071104: generated 21 coupon events (HFLY)
2026-04-14 16:26:32,140 [INFO] engines.inflow: ISIN BD0933081202: generated 40 coupon events (HFLY)
2026-04-14 16:26:32,181 [INFO] engines.inflow: ISIN BD0933121206: generated 41 coupon events (HFLY)
2026-04-14 16:26:32,211 [INFO] engines.inflow: ISIN BD0933101158: generated 31 coupon events (HFLY)
2026-04-14 16:26:32,239 [INFO] engines.inflow: ISIN BD0933161202: generated 41 coupon events (HFLY)
2026-04-14 16:26:32,276 [INFO] engines.inflow: ISIN BD0933201206: generated 41 coupon events (HFLY)
2026-04-14 16:26:32,312 [INFO] engines.inflow: ISIN BD0933141154: generated 31 coupon events (HFLY)
2026-04-14 16:26:32,338 [INFO] engines.inflow: ISIN BD0933241202: generated 41 coupon events (HFLY)
2026-04-14 16:26:32,364 [INFO] engines.inflow: ISIN BD0934281207: generated 41 coupon events (HFLY)
2026-04-14 16:26:32,393 [INFO] engines.inflow: ISIN BD0934311103: generated 21 coupon events (HFLY)
2026-04-14 16:26:32,419 [INFO] engines.inflow: ISIN BD0934321201: generated 41 coupon events (HFLY)
2026-04-14 16:26:32,452 [INFO] engines.inflow: ISIN BD0934361207: generated 41 coupon events (HFLY)
2026-04-14 16:26:32,495 [INFO] engines.inflow: ISIN BD0934401102: generated 21 coupon events (HFLY)
2026-04-14 16:26:32,508 [INFO] engines.inflow: ISIN BD0934401201: generated 41 coupon events (HFLY)
2026-04-14 16:26:32,548 [INFO] engines.inflow: ISIN BD0934441207: generated 41 coupon events (HFLY)
2026-04-14 16:26:32,574 [INFO] engines.inflow: ISIN BD0934481104: generated 21 coupon events (HFLY)
2026-04-14 16:26:32,594 [INFO] engines.inflow: ISIN BD0934481203: generated 41 coupon events (HFLY)
2026-04-14 16:26:32,630 [INFO] engines.inflow: ISIN BD0934041205: generated 41 coupon events (HFLY)
2026-04-14 16:26:32,664 [INFO] engines.inflow: ISIN BD0934081201: generated 41 coupon events (HFLY)
2026-04-14 16:26:32,698 [INFO] engines.inflow: ISIN BD0934121205: generated 41 coupon events (HFLY)
2026-04-14 16:26:32,729 [INFO] engines.inflow: ISIN BD0934161201: generated 41 coupon events (HFLY)
2026-04-14 16:26:32,768 [INFO] engines.inflow: ISIN BD0934201205: generated 41 coupon events (HFLY)
2026-04-14 16:26:32,801 [INFO] engines.inflow: ISIN BD0935291106: generated 21 coupon events (HFLY)
2026-04-14 16:26:32,818 [INFO] engines.inflow: ISIN BD0935371106: generated 21 coupon events (HFLY)
2026-04-14 16:26:32,837 [INFO] engines.inflow: ISIN BD0935391153: generated 31 coupon events (HFLY)
2026-04-14 16:26:32,867 [INFO] engines.inflow: ISIN BD0935451106: generated 21 coupon events (HFLY)
2026-04-14 16:26:32,884 [INFO] engines.inflow: ISIN BD0935441156: generated 31 coupon events (HFLY)
2026-04-14 16:26:32,912 [INFO] engines.inflow: ISIN BD0935031106: generated 21 coupon events (HFLY)
2026-04-14 16:26:32,937 [INFO] engines.inflow: ISIN BD0935041204: generated 41 coupon events (HFLY)
2026-04-14 16:26:32,961 [INFO] engines.inflow: ISIN BD0935191108: generated 21 coupon events (HFLY)
2026-04-14 16:26:32,983 [INFO] engines.inflow: ISIN BD0935201204: generated 41 coupon events (HFLY)
2026-04-14 16:26:33,016 [INFO] engines.inflow: ISIN BD0936401209: generated 41 coupon events (HFLY)
2026-04-14 16:26:33,058 [INFO] engines.inflow: ISIN BD0936491150: generated 31 coupon events (HFLY)
2026-04-14 16:26:33,097 [INFO] engines.inflow: ISIN BD0937821157: generated 31 coupon events (HFLY)
2026-04-14 16:26:33,136 [INFO] engines.inflow: ISIN BD0937901157: generated 31 coupon events (HFLY)
2026-04-14 16:26:33,165 [INFO] engines.inflow: ISIN BD0938141209: generated 41 coupon events (HFLY)
2026-04-14 16:26:33,199 [INFO] engines.inflow: ISIN BD0939371151: generated 31 coupon events (HFLY)
2026-04-14 16:26:33,225 [INFO] engines.inflow: ISIN BD0939391209: generated 41 coupon events (HFLY)
2026-04-14 16:26:33,250 [INFO] engines.inflow: ISIN BD0940381157: generated 31 coupon events (HFLY)
2026-04-14 16:26:33,302 [INFO] engines.inflow: ISIN BD0940401203: generated 41 coupon events (HFLY)
2026-04-14 16:26:33,349 [INFO] engines.inflow: ISIN BD0940441209: generated 41 coupon events (HFLY)
2026-04-14 16:26:33,390 [INFO] engines.inflow: ISIN BD0940081153: generated 31 coupon events (HFLY)
2026-04-14 16:26:33,423 [INFO] engines.inflow: ISIN BD0941451207: generated 41 coupon events (HFLY)
2026-04-14 16:26:33,459 [INFO] engines.inflow: ISIN BD0942781206: generated 41 coupon events (HFLY)
2026-04-14 16:26:33,488 [INFO] engines.inflow: ISIN BD0942901200: generated 41 coupon events (HFLY)
2026-04-14 16:26:33,517 [INFO] engines.inflow: ISIN BD0942241201: generated 41 coupon events (HFLY)
2026-04-14 16:26:33,552 [INFO] engines.inflow: ISIN BD0943281206: generated 41 coupon events (HFLY)
2026-04-14 16:26:33,602 [INFO] engines.inflow: ISIN BD0944051202: generated 41 coupon events (HFLY)
2026-04-14 16:26:33,641 [INFO] engines.inflow: ISIN BD0945461202: generated 41 coupon events (HFLY)
2026-04-14 16:26:33,669 [INFO] engines.inflow: ISIN BD0945081208: generated 41 coupon events (HFLY)
2026-04-14 16:26:33,699 [INFO] engines.inflow: ISIN BD0927141038: generated 13 coupon events (QRTY)
2026-04-14 16:26:33,711 [INFO] engines.inflow: ISIN BD0927231037: generated 13 coupon events (QRTY)
2026-04-14 16:26:33,726 [INFO] engines.inflow: ISIN BD0928271032: generated 13 coupon events (QRTY)
2026-04-14 16:26:33,803 [INFO] engines.inflow: ISIN BD0928431032: generated 13 coupon events (QRTY)
2026-04-14 16:26:33,845 [INFO] engines.inflow: ISIN BD0928471038: generated 13 coupon events (QRTY)
2026-04-14 16:26:33,895 [INFO] engines.inflow: ISIN BD0928011032: generated 13 coupon events (QRTY)
2026-04-14 16:26:33,960 [INFO] engines.inflow: ISIN BD0928131038: generated 13 coupon events (QRTY)
2026-04-14 16:26:33,991 [INFO] engines.inflow: ISIN BD0929261032: generated 13 coupon events (QRTY)
2026-04-14 16:26:34,180 [INFO] engines.pipeline: Events: 323 maturities, 6930 coupon dates
2026-04-14 16:26:37,072 [INFO] fetchers.auction_live: Playwright: opening https://www.bb.org.bd/en/index.php/monetaryactivity/auc_calendar
2026-04-14 16:26:57,044 [WARNING] fetchers.auction_live: Playwright: tables did not appear within 15s — page may be slow
2026-04-14 16:26:57,205 [INFO] fetchers.auction_live: Playwright: fetched 47619 bytes
2026-04-14 16:26:57,227 [INFO] fetchers.auction_parser: HTML parse: found 0 tables on page
2026-04-14 16:26:57,228 [INFO] fetchers.auction_parser: Auction HTML parse from https://www.bb.org.bd/en/index.php/monetaryactivity/auc_calendar: 0 total rows | T-Bill: 0 | T-Bond: 0 | FRTB: 0
2026-04-14 16:26:57,228 [INFO] fetchers.auction_live: Live auction parse (PLAYWRIGHT): 0 rows | Bills: 0 | Bonds: 0 | FRTB: 0
2026-04-14 16:26:57,266 [INFO] fetchers.auction_parser: Auction HTML parse from C:\Users\Administrator\Desktop\mm_dashboard\data\seeds\auction_calendar.csv: 81 total rows | T-Bill: 54 | T-Bond: 23 | FRTB: 4
2026-04-14 16:26:57,267 [WARNING] fetchers.auction_live: Live auction fetch unavailable. Using CSV seed only (81 rows). Install Playwright for live data: pip install playwright && playwright install chromium
2026-04-14 16:26:57,268 [ERROR] engines.pipeline: Pipeline failed with unhandled exception
Traceback (most recent call last):
  File "C:\Users\Administrator\Desktop\mm_dashboard\engines\pipeline.py", line 301, in run_pipeline
    raw_auctions = fetch_auction_rows(date_from, date_to)
  File "C:\Users\Administrator\Desktop\mm_dashboard\fetchers\auction_live.py", line 196, in fetch_live_auction_rows
    if (not date_from or r["auction_date"] >= date_from.isoformat()[:10])
                         ^^^^^^^^^^^^^^^^^^^^^^^^^^^^^^^^^^^^^^^^^^^^^^^
TypeError: '>=' not supported between instances of 'datetime.date' and 'str'
2026-04-14 16:26:57,272 [INFO] run: Pipeline result: {'securities_fetched': 320, 'securities_in_db': 323, 'securities': 320, 'coupons': 6930, 'maturities': 323, 'auctions': 0, 'daily_rows': 0, 'errors': ["FATAL: '>=' not supported between instances of 'datetime.date' and 'str'"]}
2026-04-14 16:26:57,273 [ERROR] run: Errors: ["FATAL: '>=' not supported between instances of 'datetime.date' and 'str'"]
2026-04-14 16:39:50,068 [INFO] run: Running pipeline: 2026-02-13 to 2027-04-14
2026-04-14 16:39:50,103 [INFO] db: Database initialised at C:\Users\Administrator\Desktop\mm_dashboard\data\mm_dashboard.db
2026-04-14 16:39:50,129 [INFO] calendar_utils: Holiday calendar loaded: 10 public holidays
2026-04-14 16:39:50,129 [INFO] engines.pipeline: Loaded 10 holidays
2026-04-14 16:39:50,129 [INFO] fetchers.gsom: Fetching T_BOND from https://gsom.bb.org.bd/mtm.php
2026-04-14 16:39:53,567 [INFO] fetchers.http_client: Fetched https://gsom.bb.org.bd/mtm.php (311030 bytes)
2026-04-14 16:39:53,570 [INFO] fetchers.gsom: Fetched T_BOND: 311030 bytes
2026-04-14 16:39:53,983 [INFO] parsers.securities: Parsed 225 rows from https://gsom.bb.org.bd/mtm.php
2026-04-14 16:39:53,985 [INFO] engines.pipeline: GSOM T_BOND: fetched 225 rows from https://gsom.bb.org.bd/mtm.php
2026-04-14 16:39:53,985 [INFO] fetchers.gsom: Fetching FRTB from https://gsom.bb.org.bd/mtm-frtb.php
2026-04-14 16:39:55,478 [INFO] fetchers.http_client: Fetched https://gsom.bb.org.bd/mtm-frtb.php (19937 bytes)
2026-04-14 16:39:55,481 [INFO] fetchers.gsom: Fetched FRTB: 19937 bytes
2026-04-14 16:39:55,505 [INFO] parsers.securities: Parsed 8 rows from https://gsom.bb.org.bd/mtm-frtb.php
2026-04-14 16:39:55,506 [INFO] engines.pipeline: GSOM FRTB: fetched 8 rows from https://gsom.bb.org.bd/mtm-frtb.php
2026-04-14 16:39:55,506 [INFO] fetchers.gsom: Fetching T_BILL from https://gsom.bb.org.bd/mtm-bill.php
2026-04-14 16:39:56,599 [INFO] fetchers.http_client: Fetched https://gsom.bb.org.bd/mtm-bill.php (97038 bytes)
2026-04-14 16:39:56,601 [INFO] fetchers.gsom: Fetched T_BILL: 97038 bytes
2026-04-14 16:39:56,685 [INFO] parsers.securities: Parsed 87 T-Bill rows from https://gsom.bb.org.bd/mtm-bill.php
2026-04-14 16:39:56,686 [INFO] engines.pipeline: GSOM T_BILL: fetched 87 rows from https://gsom.bb.org.bd/mtm-bill.php
2026-04-14 16:39:56,686 [INFO] engines.pipeline: GSOM total: 320 securities fetched across all pages
2026-04-14 16:39:57,027 [INFO] engines.pipeline: Regenerating events for 323 securities in DB
2026-04-14 16:39:57,031 [WARNING] engines.inflow: ISIN BD0926341159: missing ['next_coupon_date'] — cannot generate coupon schedule
2026-04-14 16:39:57,036 [INFO] engines.inflow: ISIN BD0926421027: generated 5 coupon events (HFLY)
2026-04-14 16:39:57,051 [INFO] engines.inflow: ISIN BD0926381155: generated 31 coupon events (HFLY)
2026-04-14 16:39:57,090 [INFO] engines.inflow: ISIN BD0926461023: generated 5 coupon events (HFLY)
2026-04-14 16:39:57,102 [INFO] engines.inflow: ISIN BD0926421159: generated 31 coupon events (HFLY)
2026-04-14 16:39:57,136 [INFO] engines.inflow: ISIN BD0926431059: generated 11 coupon events (HFLY)
2026-04-14 16:39:57,149 [INFO] engines.inflow: ISIN BD0926021108: generated 21 coupon events (HFLY)
2026-04-14 16:39:57,179 [INFO] engines.inflow: ISIN BD0926061021: generated 5 coupon events (HFLY)
2026-04-14 16:39:57,193 [INFO] engines.inflow: ISIN BD0926071152: generated 31 coupon events (HFLY)
2026-04-14 16:39:57,236 [INFO] engines.inflow: ISIN BD0926541055: generated 11 coupon events (HFLY)
2026-04-14 16:39:57,252 [INFO] engines.inflow: ISIN BD0926111156: generated 31 coupon events (HFLY)
2026-04-14 16:39:57,291 [INFO] engines.inflow: ISIN BD0926141021: generated 5 coupon events (HFLY)
2026-04-14 16:39:57,302 [INFO] engines.inflow: ISIN BD0926151152: generated 31 coupon events (HFLY)
2026-04-14 16:39:57,331 [INFO] engines.inflow: ISIN BD0926191026: generated 5 coupon events (HFLY)
2026-04-14 16:39:57,338 [INFO] engines.inflow: ISIN BD0926601057: generated 11 coupon events (HFLY)
2026-04-14 16:39:57,348 [INFO] engines.inflow: ISIN BD0926191158: generated 31 coupon events (HFLY)
2026-04-14 16:39:57,381 [INFO] engines.inflow: ISIN BD0926231152: generated 31 coupon events (HFLY)
2026-04-14 16:39:57,449 [INFO] engines.inflow: ISIN BD0927271025: generated 5 coupon events (HFLY)
2026-04-14 16:39:57,460 [INFO] engines.inflow: ISIN BD0927271157: generated 31 coupon events (HFLY)
2026-04-14 16:39:57,522 [INFO] engines.inflow: ISIN BD0927251100: generated 21 coupon events (HFLY)
2026-04-14 16:39:57,561 [INFO] engines.inflow: ISIN BD0927311029: generated 5 coupon events (HFLY)
2026-04-14 16:39:57,574 [INFO] engines.inflow: ISIN BD0927311151: generated 31 coupon events (HFLY)
2026-04-14 16:39:57,634 [INFO] engines.inflow: ISIN BD0927351025: generated 5 coupon events (HFLY)
2026-04-14 16:39:57,640 [INFO] engines.inflow: ISIN BD0927761058: generated 11 coupon events (HFLY)
2026-04-14 16:39:57,660 [INFO] engines.inflow: ISIN BD0927351157: generated 31 coupon events (HFLY)
2026-04-14 16:39:57,708 [INFO] engines.inflow: ISIN BD0927391021: generated 5 coupon events (HFLY)
2026-04-14 16:39:57,715 [INFO] engines.inflow: ISIN BD0927391153: generated 31 coupon events (HFLY)
2026-04-14 16:39:57,776 [INFO] engines.inflow: ISIN BD0927431025: generated 5 coupon events (HFLY)
2026-04-14 16:39:57,788 [INFO] engines.inflow: ISIN BD0927841058: generated 11 coupon events (HFLY)
2026-04-14 16:39:57,805 [INFO] engines.inflow: ISIN BD0927431157: generated 31 coupon events (HFLY)
2026-04-14 16:39:57,857 [INFO] engines.inflow: ISIN BD0927471021: generated 5 coupon events (HFLY)
2026-04-14 16:39:57,868 [INFO] engines.inflow: ISIN BD0927471153: generated 31 coupon events (HFLY)
2026-04-14 16:39:57,917 [INFO] engines.inflow: ISIN BD0927011025: generated 5 coupon events (HFLY)
2026-04-14 16:39:57,923 [INFO] engines.inflow: ISIN BD0927021057: generated 11 coupon events (HFLY)
2026-04-14 16:39:57,940 [INFO] engines.inflow: ISIN BD0927031155: generated 31 coupon events (HFLY)
2026-04-14 16:39:57,985 [INFO] engines.inflow: ISIN BD0927041204: generated 41 coupon events (HFLY)
2026-04-14 16:39:58,036 [INFO] engines.inflow: ISIN BD0927081200: generated 40 coupon events (HFLY)
2026-04-14 16:39:58,079 [INFO] engines.inflow: ISIN BD0927091027: generated 5 coupon events (HFLY)
2026-04-14 16:39:58,087 [INFO] engines.inflow: ISIN BD0927111155: generated 31 coupon events (HFLY)
2026-04-14 16:39:58,147 [INFO] engines.inflow: ISIN BD0927121204: generated 41 coupon events (HFLY)
2026-04-14 16:39:58,186 [INFO] engines.inflow: ISIN BD0927151151: generated 31 coupon events (HFLY)
2026-04-14 16:39:58,230 [INFO] engines.inflow: ISIN BD0927101107: generated 21 coupon events (HFLY)
2026-04-14 16:39:58,257 [INFO] engines.inflow: ISIN BD0927161200: generated 41 coupon events (HFLY)
2026-04-14 16:39:58,300 [INFO] engines.inflow: ISIN BD0927171027: generated 5 coupon events (HFLY)
2026-04-14 16:39:58,309 [INFO] engines.inflow: ISIN BD0927181059: generated 11 coupon events (HFLY)
2026-04-14 16:39:58,325 [INFO] engines.inflow: ISIN BD0927191157: generated 31 coupon events (HFLY)
2026-04-14 16:39:58,366 [INFO] engines.inflow: ISIN BD0927201204: generated 41 coupon events (HFLY)
2026-04-14 16:39:58,404 [INFO] engines.inflow: ISIN BD0927231151: generated 31 coupon events (HFLY)
2026-04-14 16:39:58,441 [INFO] engines.inflow: ISIN BD0927241200: generated 41 coupon events (HFLY)
2026-04-14 16:39:58,475 [INFO] engines.inflow: ISIN BD0928261058: generated 11 coupon events (HFLY)
2026-04-14 16:39:58,486 [INFO] engines.inflow: ISIN BD0928271156: generated 31 coupon events (HFLY)
2026-04-14 16:39:58,524 [INFO] engines.inflow: ISIN BD0928281205: generated 41 coupon events (HFLY)
2026-04-14 16:39:58,585 [INFO] engines.inflow: ISIN BD0928311150: generated 31 coupon events (HFLY)
2026-04-14 16:39:58,625 [INFO] engines.inflow: ISIN BD0928321209: generated 41 coupon events (HFLY)
2026-04-14 16:39:58,682 [INFO] engines.inflow: ISIN BD0928351156: generated 31 coupon events (HFLY)
2026-04-14 16:39:58,714 [INFO] engines.inflow: ISIN BD0928361205: generated 41 coupon events (HFLY)
2026-04-14 16:39:58,747 [INFO] engines.inflow: ISIN BD0928381054: generated 11 coupon events (HFLY)
2026-04-14 16:39:58,757 [INFO] engines.inflow: ISIN BD0928391152: generated 31 coupon events (HFLY)
2026-04-14 16:39:58,787 [INFO] engines.inflow: ISIN BD0928401209: generated 41 coupon events (HFLY)
2026-04-14 16:39:58,830 [INFO] engines.inflow: ISIN BD0928431156: generated 31 coupon events (HFLY)
2026-04-14 16:39:58,860 [INFO] engines.inflow: ISIN BD0928441205: generated 41 coupon events (HFLY)
2026-04-14 16:39:58,897 [INFO] engines.inflow: ISIN BD0928461054: generated 11 coupon events (HFLY)
2026-04-14 16:39:58,911 [INFO] engines.inflow: ISIN BD0928471152: generated 31 coupon events (HFLY)
2026-04-14 16:39:58,944 [INFO] engines.inflow: ISIN BD0928331109: generated 21 coupon events (HFLY)
2026-04-14 16:39:58,978 [INFO] engines.inflow: ISIN BD0928481201: generated 41 coupon events (HFLY)
2026-04-14 16:39:59,032 [INFO] engines.inflow: ISIN BD0928041203: generated 41 coupon events (HFLY)
2026-04-14 16:39:59,067 [INFO] engines.inflow: ISIN BD0928041153: generated 31 coupon events (HFLY)
2026-04-14 16:39:59,094 [INFO] engines.inflow: ISIN BD0928061052: generated 11 coupon events (HFLY)
2026-04-14 16:39:59,104 [INFO] engines.inflow: ISIN BD0928081209: generated 41 coupon events (HFLY)
2026-04-14 16:39:59,150 [INFO] engines.inflow: ISIN BD0928081159: generated 30 coupon events (HFLY)
2026-04-14 16:39:59,176 [INFO] engines.inflow: ISIN BD0928101056: generated 11 coupon events (HFLY)
2026-04-14 16:39:59,185 [INFO] engines.inflow: ISIN BD0928121203: generated 41 coupon events (HFLY)
2026-04-14 16:39:59,229 [INFO] engines.inflow: ISIN BD0928121153: generated 31 coupon events (HFLY)
2026-04-14 16:39:59,255 [INFO] engines.inflow: ISIN BD0928161159: generated 31 coupon events (HFLY)
2026-04-14 16:39:59,283 [INFO] engines.inflow: ISIN BD0928161209: generated 41 coupon events (HFLY)
2026-04-14 16:39:59,313 [INFO] engines.inflow: ISIN BD0928181058: generated 11 coupon events (HFLY)
2026-04-14 16:39:59,322 [INFO] engines.inflow: ISIN BD0928131103: generated 21 coupon events (HFLY)
2026-04-14 16:39:59,343 [INFO] engines.inflow: ISIN BD0928201203: generated 41 coupon events (HFLY)
2026-04-14 16:39:59,378 [INFO] engines.inflow: ISIN BD0928201153: generated 31 coupon events (HFLY)
2026-04-14 16:39:59,406 [INFO] engines.inflow: ISIN BD0928221052: generated 11 coupon events (HFLY)
2026-04-14 16:39:59,414 [INFO] engines.inflow: ISIN BD0928241209: generated 41 coupon events (HFLY)
2026-04-14 16:39:59,451 [INFO] engines.inflow: ISIN BD0928241159: generated 31 coupon events (HFLY)
2026-04-14 16:39:59,471 [INFO] engines.inflow: ISIN BD0929281204: generated 41 coupon events (HFLY)
2026-04-14 16:39:59,514 [INFO] engines.inflow: ISIN BD0929281154: generated 31 coupon events (HFLY)
2026-04-14 16:39:59,542 [INFO] engines.inflow: ISIN BD0929321208: generated 41 coupon events (HFLY)
2026-04-14 16:39:59,578 [INFO] engines.inflow: ISIN BD0929321158: generated 31 coupon events (HFLY)
2026-04-14 16:39:59,617 [INFO] engines.inflow: ISIN BD0929361204: generated 41 coupon events (HFLY)
2026-04-14 16:39:59,650 [INFO] engines.inflow: ISIN BD0929361154: generated 31 coupon events (HFLY)
2026-04-14 16:39:59,675 [INFO] engines.inflow: ISIN BD0929401059: generated 11 coupon events (HFLY)
2026-04-14 16:39:59,686 [INFO] engines.inflow: ISIN BD0929311100: generated 21 coupon events (HFLY)
2026-04-14 16:39:59,714 [INFO] engines.inflow: ISIN BD0929401158: generated 31 coupon events (HFLY)
2026-04-14 16:39:59,744 [INFO] engines.inflow: ISIN BD0929401208: generated 41 coupon events (HFLY)
2026-04-14 16:39:59,780 [INFO] engines.inflow: ISIN BD0929431056: generated 11 coupon events (HFLY)
2026-04-14 16:39:59,787 [INFO] engines.inflow: ISIN BD0929441204: generated 41 coupon events (HFLY)
2026-04-14 16:39:59,827 [INFO] engines.inflow: ISIN BD0929441154: generated 31 coupon events (HFLY)
2026-04-14 16:39:59,858 [INFO] engines.inflow: ISIN BD0929381103: generated 21 coupon events (HFLY)
2026-04-14 16:39:59,871 [INFO] engines.inflow: ISIN BD0929481200: generated 41 coupon events (HFLY)
2026-04-14 16:39:59,919 [INFO] engines.inflow: ISIN BD0929481150: generated 31 coupon events (HFLY)
2026-04-14 16:39:59,960 [INFO] engines.inflow: ISIN BD0929041152: generated 31 coupon events (HFLY)
2026-04-14 16:39:59,985 [INFO] engines.inflow: ISIN BD0929041202: generated 41 coupon events (HFLY)
2026-04-14 16:40:00,036 [INFO] engines.inflow: ISIN BD0929061101: generated 21 coupon events (HFLY)
2026-04-14 16:40:00,064 [INFO] engines.inflow: ISIN BD0929081208: generated 41 coupon events (HFLY)
2026-04-14 16:40:00,092 [INFO] engines.inflow: ISIN BD0929081158: generated 31 coupon events (HFLY)
2026-04-14 16:40:00,126 [INFO] engines.inflow: ISIN BD0929121152: generated 31 coupon events (HFLY)
2026-04-14 16:40:00,153 [INFO] engines.inflow: ISIN BD0929151050: generated 11 coupon events (HFLY)
2026-04-14 16:40:00,170 [INFO] engines.inflow: ISIN BD0929161208: generated 41 coupon events (HFLY)
2026-04-14 16:40:00,210 [INFO] engines.inflow: ISIN BD0929161158: generated 31 coupon events (HFLY)
2026-04-14 16:40:00,229 [INFO] engines.inflow: ISIN BD0929201152: generated 31 coupon events (HFLY)
2026-04-14 16:40:00,258 [INFO] engines.inflow: ISIN BD0929241059: generated 11 coupon events (HFLY)
2026-04-14 16:40:00,268 [INFO] engines.inflow: ISIN BD0929221101: generated 21 coupon events (HFLY)
2026-04-14 16:40:00,291 [INFO] engines.inflow: ISIN BD0929201202: generated 41 coupon events (HFLY)
2026-04-14 16:40:00,328 [INFO] engines.inflow: ISIN BD0930261104: generated 21 coupon events (HFLY)
2026-04-14 16:40:00,348 [INFO] engines.inflow: ISIN BD0930321056: generated 11 coupon events (HFLY)
2026-04-14 16:40:00,357 [INFO] engines.inflow: ISIN BD0930251204: generated 41 coupon events (HFLY)
2026-04-14 16:40:00,393 [INFO] engines.inflow: ISIN BD0930281201: generated 41 coupon events (HFLY)
2026-04-14 16:40:00,446 [INFO] engines.inflow: ISIN BD0930401056: generated 11 coupon events (HFLY)
2026-04-14 16:40:00,455 [INFO] engines.inflow: ISIN BD0930321205: generated 41 coupon events (HFLY)
2026-04-14 16:40:00,496 [INFO] engines.inflow: ISIN BD0930381100: generated 21 coupon events (HFLY)
2026-04-14 16:40:00,517 [INFO] engines.inflow: ISIN BD0930361201: generated 41 coupon events (HFLY)
2026-04-14 16:40:00,554 [INFO] engines.inflow: ISIN BD0930431103: generated 21 coupon events (HFLY)
2026-04-14 16:40:00,581 [INFO] engines.inflow: ISIN BD0930481058: generated 11 coupon events (HFLY)
2026-04-14 16:40:00,590 [INFO] engines.inflow: ISIN BD0930401205: generated 41 coupon events (HFLY)
2026-04-14 16:40:00,627 [INFO] engines.inflow: ISIN BD0930031101: generated 21 coupon events (HFLY)
2026-04-14 16:40:00,639 [INFO] engines.inflow: ISIN BD0930041209: generated 41 coupon events (HFLY)
2026-04-14 16:40:00,676 [INFO] engines.inflow: ISIN BD0930041159: generated 31 coupon events (HFLY)
2026-04-14 16:40:00,719 [INFO] engines.inflow: ISIN BD0930081205: generated 41 coupon events (HFLY)
2026-04-14 16:40:00,778 [INFO] engines.inflow: ISIN BD0930101052: generated 11 coupon events (HFLY)
2026-04-14 16:40:00,789 [INFO] engines.inflow: ISIN BD0930121159: generated 31 coupon events (HFLY)
2026-04-14 16:40:00,831 [INFO] engines.inflow: ISIN BD0930121209: generated 41 coupon events (HFLY)
2026-04-14 16:40:00,892 [INFO] engines.inflow: ISIN BD0930141108: generated 21 coupon events (HFLY)
2026-04-14 16:40:00,968 [INFO] engines.inflow: ISIN BD0930161205: generated 41 coupon events (HFLY)
2026-04-14 16:40:01,047 [INFO] engines.inflow: ISIN BD0930201209: generated 41 coupon events (HFLY)
2026-04-14 16:40:01,091 [INFO] engines.inflow: ISIN BD0930211059: generated 11 coupon events (HFLY)
2026-04-14 16:40:01,110 [INFO] engines.inflow: ISIN BD0930241205: generated 41 coupon events (HFLY)
2026-04-14 16:40:01,159 [INFO] engines.inflow: ISIN BD0931281200: generated 41 coupon events (HFLY)
2026-04-14 16:40:01,204 [INFO] engines.inflow: ISIN BD0931301107: generated 21 coupon events (HFLY)
2026-04-14 16:40:01,227 [INFO] engines.inflow: ISIN BD0931321204: generated 41 coupon events (HFLY)
2026-04-14 16:40:01,282 [INFO] engines.inflow: ISIN BD0931361200: generated 41 coupon events (HFLY)
2026-04-14 16:40:01,346 [INFO] engines.inflow: ISIN BD0931401204: generated 41 coupon events (HFLY)
2026-04-14 16:40:01,399 [INFO] engines.inflow: ISIN BD0931401154: generated 31 coupon events (HFLY)
2026-04-14 16:40:01,440 [INFO] engines.inflow: ISIN BD0931401105: generated 21 coupon events (HFLY)
2026-04-14 16:40:01,473 [INFO] engines.inflow: ISIN BD0931441200: generated 41 coupon events (HFLY)
2026-04-14 16:40:01,535 [INFO] engines.inflow: ISIN BD0931471207: generated 41 coupon events (HFLY)
2026-04-14 16:40:01,592 [INFO] engines.inflow: ISIN BD0931481107: generated 21 coupon events (HFLY)
2026-04-14 16:40:01,626 [INFO] engines.inflow: ISIN BD0931041208: generated 41 coupon events (HFLY)
2026-04-14 16:40:01,667 [INFO] engines.inflow: ISIN BD0931081204: generated 41 coupon events (HFLY)
2026-04-14 16:40:01,712 [INFO] engines.inflow: ISIN BD0931121208: generated 41 coupon events (HFLY)
2026-04-14 16:40:01,747 [INFO] engines.inflow: ISIN BD0931561106: generated 21 coupon events (HFLY)
2026-04-14 16:40:01,770 [INFO] engines.inflow: ISIN BD0931161204: generated 41 coupon events (HFLY)
2026-04-14 16:40:01,804 [INFO] engines.inflow: ISIN BD0931201208: generated 41 coupon events (HFLY)
2026-04-14 16:40:01,856 [INFO] engines.inflow: ISIN BD0931241204: generated 41 coupon events (HFLY)
2026-04-14 16:40:01,913 [INFO] engines.inflow: ISIN BD0932691100: generated 21 coupon events (HFLY)
2026-04-14 16:40:01,940 [INFO] engines.inflow: ISIN BD0932281209: generated 41 coupon events (HFLY)
2026-04-14 16:40:01,983 [INFO] engines.inflow: ISIN BD0932321203: generated 40 coupon events (HFLY)
2026-04-14 16:40:02,028 [INFO] engines.inflow: ISIN BD0932361209: generated 41 coupon events (HFLY)
2026-04-14 16:40:02,075 [INFO] engines.inflow: ISIN BD0932401203: generated 41 coupon events (HFLY)
2026-04-14 16:40:02,120 [INFO] engines.inflow: ISIN BD0932851100: generated 21 coupon events (HFLY)
2026-04-14 16:40:02,137 [INFO] engines.inflow: ISIN BD0932441209: generated 41 coupon events (HFLY)
2026-04-14 16:40:02,175 [INFO] engines.inflow: ISIN BD0932891106: generated 21 coupon events (HFLY)
2026-04-14 16:40:02,193 [INFO] engines.inflow: ISIN BD0932481205: generated 41 coupon events (HFLY)
2026-04-14 16:40:02,230 [INFO] engines.inflow: ISIN BD0932041207: generated 41 coupon events (HFLY)
2026-04-14 16:40:02,271 [INFO] engines.inflow: ISIN BD0932081203: generated 40 coupon events (HFLY)
2026-04-14 16:40:02,312 [INFO] engines.inflow: ISIN BD0932111109: generated 21 coupon events (HFLY)
2026-04-14 16:40:02,332 [INFO] engines.inflow: ISIN BD0932121207: generated 41 coupon events (HFLY)
2026-04-14 16:40:02,363 [INFO] engines.inflow: ISIN BD0932161203: generated 41 coupon events (HFLY)
2026-04-14 16:40:02,400 [INFO] engines.inflow: ISIN BD0932201207: generated 41 coupon events (HFLY)
2026-04-14 16:40:02,449 [INFO] engines.inflow: ISIN BD0932231105: generated 21 coupon events (HFLY)
2026-04-14 16:40:02,473 [INFO] engines.inflow: ISIN BD0932241203: generated 41 coupon events (HFLY)
2026-04-14 16:40:02,516 [INFO] engines.inflow: ISIN BD0933281208: generated 41 coupon events (HFLY)
2026-04-14 16:40:02,551 [INFO] engines.inflow: ISIN BD0933321202: generated 41 coupon events (HFLY)
2026-04-14 16:40:02,592 [INFO] engines.inflow: ISIN BD0933351100: generated 21 coupon events (HFLY)
2026-04-14 16:40:02,606 [INFO] engines.inflow: ISIN BD0933361208: generated 41 coupon events (HFLY)
2026-04-14 16:40:02,645 [INFO] engines.inflow: ISIN BD0933401202: generated 41 coupon events (HFLY)
2026-04-14 16:40:02,681 [INFO] engines.inflow: ISIN BD0933441208: generated 41 coupon events (HFLY)
2026-04-14 16:40:02,720 [INFO] engines.inflow: ISIN BD0933481204: generated 41 coupon events (HFLY)
2026-04-14 16:40:02,770 [INFO] engines.inflow: ISIN BD0933041206: generated 41 coupon events (HFLY)
2026-04-14 16:40:02,816 [INFO] engines.inflow: ISIN BD0933071104: generated 21 coupon events (HFLY)
2026-04-14 16:40:02,837 [INFO] engines.inflow: ISIN BD0933081202: generated 40 coupon events (HFLY)
2026-04-14 16:40:02,881 [INFO] engines.inflow: ISIN BD0933121206: generated 41 coupon events (HFLY)
2026-04-14 16:40:02,924 [INFO] engines.inflow: ISIN BD0933101158: generated 31 coupon events (HFLY)
2026-04-14 16:40:02,952 [INFO] engines.inflow: ISIN BD0933161202: generated 41 coupon events (HFLY)
2026-04-14 16:40:03,003 [INFO] engines.inflow: ISIN BD0933201206: generated 41 coupon events (HFLY)
2026-04-14 16:40:03,047 [INFO] engines.inflow: ISIN BD0933141154: generated 31 coupon events (HFLY)
2026-04-14 16:40:03,081 [INFO] engines.inflow: ISIN BD0933241202: generated 41 coupon events (HFLY)
2026-04-14 16:40:03,124 [INFO] engines.inflow: ISIN BD0934281207: generated 41 coupon events (HFLY)
2026-04-14 16:40:03,163 [INFO] engines.inflow: ISIN BD0934311103: generated 21 coupon events (HFLY)
2026-04-14 16:40:03,190 [INFO] engines.inflow: ISIN BD0934321201: generated 41 coupon events (HFLY)
2026-04-14 16:40:03,232 [INFO] engines.inflow: ISIN BD0934361207: generated 41 coupon events (HFLY)
2026-04-14 16:40:03,261 [INFO] engines.inflow: ISIN BD0934401102: generated 21 coupon events (HFLY)
2026-04-14 16:40:03,285 [INFO] engines.inflow: ISIN BD0934401201: generated 41 coupon events (HFLY)
2026-04-14 16:40:03,340 [INFO] engines.inflow: ISIN BD0934441207: generated 41 coupon events (HFLY)
2026-04-14 16:40:03,388 [INFO] engines.inflow: ISIN BD0934481104: generated 21 coupon events (HFLY)
2026-04-14 16:40:03,421 [INFO] engines.inflow: ISIN BD0934481203: generated 41 coupon events (HFLY)
2026-04-14 16:40:03,459 [INFO] engines.inflow: ISIN BD0934041205: generated 41 coupon events (HFLY)
2026-04-14 16:40:03,491 [INFO] engines.inflow: ISIN BD0934081201: generated 41 coupon events (HFLY)
2026-04-14 16:40:03,519 [INFO] engines.inflow: ISIN BD0934121205: generated 41 coupon events (HFLY)
2026-04-14 16:40:03,550 [INFO] engines.inflow: ISIN BD0934161201: generated 41 coupon events (HFLY)
2026-04-14 16:40:03,593 [INFO] engines.inflow: ISIN BD0934201205: generated 41 coupon events (HFLY)
2026-04-14 16:40:03,650 [INFO] engines.inflow: ISIN BD0935291106: generated 21 coupon events (HFLY)
2026-04-14 16:40:03,678 [INFO] engines.inflow: ISIN BD0935371106: generated 21 coupon events (HFLY)
2026-04-14 16:40:03,701 [INFO] engines.inflow: ISIN BD0935391153: generated 31 coupon events (HFLY)
2026-04-14 16:40:03,728 [INFO] engines.inflow: ISIN BD0935451106: generated 21 coupon events (HFLY)
2026-04-14 16:40:03,758 [INFO] engines.inflow: ISIN BD0935441156: generated 31 coupon events (HFLY)
2026-04-14 16:40:03,796 [INFO] engines.inflow: ISIN BD0935031106: generated 21 coupon events (HFLY)
2026-04-14 16:40:03,836 [INFO] engines.inflow: ISIN BD0935041204: generated 41 coupon events (HFLY)
2026-04-14 16:40:03,896 [INFO] engines.inflow: ISIN BD0935191108: generated 21 coupon events (HFLY)
2026-04-14 16:40:03,932 [INFO] engines.inflow: ISIN BD0935201204: generated 41 coupon events (HFLY)
2026-04-14 16:40:03,997 [INFO] engines.inflow: ISIN BD0936401209: generated 41 coupon events (HFLY)
2026-04-14 16:40:04,048 [INFO] engines.inflow: ISIN BD0936491150: generated 31 coupon events (HFLY)
2026-04-14 16:40:04,077 [INFO] engines.inflow: ISIN BD0937821157: generated 31 coupon events (HFLY)
2026-04-14 16:40:04,113 [INFO] engines.inflow: ISIN BD0937901157: generated 31 coupon events (HFLY)
2026-04-14 16:40:04,143 [INFO] engines.inflow: ISIN BD0938141209: generated 41 coupon events (HFLY)
2026-04-14 16:40:04,184 [INFO] engines.inflow: ISIN BD0939371151: generated 31 coupon events (HFLY)
2026-04-14 16:40:04,216 [INFO] engines.inflow: ISIN BD0939391209: generated 41 coupon events (HFLY)
2026-04-14 16:40:04,265 [INFO] engines.inflow: ISIN BD0940381157: generated 31 coupon events (HFLY)
2026-04-14 16:40:04,302 [INFO] engines.inflow: ISIN BD0940401203: generated 41 coupon events (HFLY)
2026-04-14 16:40:04,336 [INFO] engines.inflow: ISIN BD0940441209: generated 41 coupon events (HFLY)
2026-04-14 16:40:04,367 [INFO] engines.inflow: ISIN BD0940081153: generated 31 coupon events (HFLY)
2026-04-14 16:40:04,402 [INFO] engines.inflow: ISIN BD0941451207: generated 41 coupon events (HFLY)
2026-04-14 16:40:04,434 [INFO] engines.inflow: ISIN BD0942781206: generated 41 coupon events (HFLY)
2026-04-14 16:40:04,482 [INFO] engines.inflow: ISIN BD0942901200: generated 41 coupon events (HFLY)
2026-04-14 16:40:04,521 [INFO] engines.inflow: ISIN BD0942241201: generated 41 coupon events (HFLY)
2026-04-14 16:40:04,552 [INFO] engines.inflow: ISIN BD0943281206: generated 41 coupon events (HFLY)
2026-04-14 16:40:04,593 [INFO] engines.inflow: ISIN BD0944051202: generated 41 coupon events (HFLY)
2026-04-14 16:40:04,641 [INFO] engines.inflow: ISIN BD0945461202: generated 41 coupon events (HFLY)
2026-04-14 16:40:04,664 [INFO] engines.inflow: ISIN BD0945081208: generated 41 coupon events (HFLY)
2026-04-14 16:40:04,702 [INFO] engines.inflow: ISIN BD0927141038: generated 13 coupon events (QRTY)
2026-04-14 16:40:04,718 [INFO] engines.inflow: ISIN BD0927231037: generated 13 coupon events (QRTY)
2026-04-14 16:40:04,732 [INFO] engines.inflow: ISIN BD0928271032: generated 13 coupon events (QRTY)
2026-04-14 16:40:04,747 [INFO] engines.inflow: ISIN BD0928431032: generated 13 coupon events (QRTY)
2026-04-14 16:40:04,761 [INFO] engines.inflow: ISIN BD0928471038: generated 13 coupon events (QRTY)
2026-04-14 16:40:04,779 [INFO] engines.inflow: ISIN BD0928011032: generated 13 coupon events (QRTY)
2026-04-14 16:40:04,796 [INFO] engines.inflow: ISIN BD0928131038: generated 13 coupon events (QRTY)
2026-04-14 16:40:04,814 [INFO] engines.inflow: ISIN BD0929261032: generated 13 coupon events (QRTY)
2026-04-14 16:40:04,956 [INFO] engines.pipeline: Events: 323 maturities, 6930 coupon dates
2026-04-14 16:40:06,829 [INFO] fetchers.auction_live: Playwright: loading https://www.bb.org.bd/en/index.php/monetaryactivity/auc_calendar/1
2026-04-14 16:40:25,585 [WARNING] fetchers.auction_live: Playwright: tables did not appear in 15s
2026-04-14 16:40:25,724 [INFO] fetchers.auction_live: Playwright: fetched 46071 bytes
2026-04-14 16:40:25,756 [INFO] fetchers.auction_live: Found 0 tables on auction calendar page
2026-04-14 16:40:25,756 [INFO] fetchers.auction_live: HTML parse complete: 0 total rows | T-Bill: 0 | T-Bond: 0 | FRTB: 0
2026-04-14 16:40:25,756 [WARNING] fetchers.auction_live: Playwright got HTML but parsed 0 rows — falling back to CSV
2026-04-14 16:40:25,786 [INFO] fetchers.auction_parser: Auction HTML parse from C:\Users\Administrator\Desktop\mm_dashboard\data\seeds\auction_calendar.csv: 81 total rows | T-Bill: 54 | T-Bond: 23 | FRTB: 4
2026-04-14 16:40:25,786 [WARNING] fetchers.auction_live: Using CSV seed only (81 rows). Install Playwright for live: pip install playwright && python -m playwright install chromium
2026-04-14 16:40:25,787 [ERROR] engines.pipeline: Pipeline failed with unhandled exception
Traceback (most recent call last):
  File "C:\Users\Administrator\Desktop\mm_dashboard\engines\pipeline.py", line 301, in run_pipeline
    raw_auctions = fetch_auction_rows(date_from, date_to)
  File "C:\Users\Administrator\Desktop\mm_dashboard\fetchers\auction_live.py", line 372, in fetch_live_auction_rows
    if (not date_from or r["auction_date"] >= date_from.isoformat()[:10])
                         ^^^^^^^^^^^^^^^^^^^^^^^^^^^^^^^^^^^^^^^^^^^^^^^
TypeError: '>=' not supported between instances of 'datetime.date' and 'str'
2026-04-14 16:40:25,790 [INFO] run: Pipeline result: {'securities_fetched': 320, 'securities_in_db': 323, 'securities': 320, 'coupons': 6930, 'maturities': 323, 'auctions': 0, 'daily_rows': 0, 'errors': ["FATAL: '>=' not supported between instances of 'datetime.date' and 'str'"]}
2026-04-14 16:40:25,791 [ERROR] run: Errors: ["FATAL: '>=' not supported between instances of 'datetime.date' and 'str'"]
2026-04-14 16:46:06,045 [INFO] run: Running pipeline: 2026-02-13 to 2027-04-14
2026-04-14 16:46:06,087 [INFO] db: Database initialised at C:\Users\Administrator\Desktop\mm_dashboard\data\mm_dashboard.db
2026-04-14 16:46:06,119 [INFO] calendar_utils: Holiday calendar loaded: 10 public holidays
2026-04-14 16:46:06,120 [INFO] engines.pipeline: Loaded 10 holidays
2026-04-14 16:46:06,120 [INFO] fetchers.gsom: Fetching T_BOND from https://gsom.bb.org.bd/mtm.php
2026-04-14 16:46:08,362 [INFO] fetchers.http_client: Fetched https://gsom.bb.org.bd/mtm.php (311030 bytes)
2026-04-14 16:46:08,364 [INFO] fetchers.gsom: Fetched T_BOND: 311030 bytes
2026-04-14 16:46:08,616 [INFO] parsers.securities: Parsed 225 rows from https://gsom.bb.org.bd/mtm.php
2026-04-14 16:46:08,617 [INFO] engines.pipeline: GSOM T_BOND: fetched 225 rows from https://gsom.bb.org.bd/mtm.php
2026-04-14 16:46:08,618 [INFO] fetchers.gsom: Fetching FRTB from https://gsom.bb.org.bd/mtm-frtb.php
2026-04-14 16:46:09,766 [INFO] fetchers.http_client: Fetched https://gsom.bb.org.bd/mtm-frtb.php (19937 bytes)
2026-04-14 16:46:09,769 [INFO] fetchers.gsom: Fetched FRTB: 19937 bytes
2026-04-14 16:46:09,787 [INFO] parsers.securities: Parsed 8 rows from https://gsom.bb.org.bd/mtm-frtb.php
2026-04-14 16:46:09,787 [INFO] engines.pipeline: GSOM FRTB: fetched 8 rows from https://gsom.bb.org.bd/mtm-frtb.php
2026-04-14 16:46:09,787 [INFO] fetchers.gsom: Fetching T_BILL from https://gsom.bb.org.bd/mtm-bill.php
2026-04-14 16:46:10,755 [INFO] fetchers.http_client: Fetched https://gsom.bb.org.bd/mtm-bill.php (97038 bytes)
2026-04-14 16:46:10,757 [INFO] fetchers.gsom: Fetched T_BILL: 97038 bytes
2026-04-14 16:46:10,829 [INFO] parsers.securities: Parsed 87 T-Bill rows from https://gsom.bb.org.bd/mtm-bill.php
2026-04-14 16:46:10,830 [INFO] engines.pipeline: GSOM T_BILL: fetched 87 rows from https://gsom.bb.org.bd/mtm-bill.php
2026-04-14 16:46:10,831 [INFO] engines.pipeline: GSOM total: 320 securities fetched across all pages
2026-04-14 16:46:11,090 [INFO] engines.pipeline: Regenerating events for 323 securities in DB
2026-04-14 16:46:11,093 [WARNING] engines.inflow: ISIN BD0926341159: missing ['next_coupon_date'] — cannot generate coupon schedule
2026-04-14 16:46:11,097 [INFO] engines.inflow: ISIN BD0926421027: generated 5 coupon events (HFLY)
2026-04-14 16:46:11,105 [INFO] engines.inflow: ISIN BD0926381155: generated 31 coupon events (HFLY)
2026-04-14 16:46:11,126 [INFO] engines.inflow: ISIN BD0926461023: generated 5 coupon events (HFLY)
2026-04-14 16:46:11,131 [INFO] engines.inflow: ISIN BD0926421159: generated 31 coupon events (HFLY)
2026-04-14 16:46:11,153 [INFO] engines.inflow: ISIN BD0926431059: generated 11 coupon events (HFLY)
2026-04-14 16:46:11,175 [INFO] engines.inflow: ISIN BD0926021108: generated 21 coupon events (HFLY)
2026-04-14 16:46:11,253 [INFO] engines.inflow: ISIN BD0926061021: generated 5 coupon events (HFLY)
2026-04-14 16:46:11,258 [INFO] engines.inflow: ISIN BD0926071152: generated 31 coupon events (HFLY)
2026-04-14 16:46:11,278 [INFO] engines.inflow: ISIN BD0926541055: generated 11 coupon events (HFLY)
2026-04-14 16:46:11,292 [INFO] engines.inflow: ISIN BD0926111156: generated 31 coupon events (HFLY)
2026-04-14 16:46:11,321 [INFO] engines.inflow: ISIN BD0926141021: generated 5 coupon events (HFLY)
2026-04-14 16:46:11,334 [INFO] engines.inflow: ISIN BD0926151152: generated 31 coupon events (HFLY)
2026-04-14 16:46:11,360 [INFO] engines.inflow: ISIN BD0926191026: generated 5 coupon events (HFLY)
2026-04-14 16:46:11,368 [INFO] engines.inflow: ISIN BD0926601057: generated 11 coupon events (HFLY)
2026-04-14 16:46:11,379 [INFO] engines.inflow: ISIN BD0926191158: generated 31 coupon events (HFLY)
2026-04-14 16:46:11,408 [INFO] engines.inflow: ISIN BD0926231152: generated 31 coupon events (HFLY)
2026-04-14 16:46:11,436 [INFO] engines.inflow: ISIN BD0927271025: generated 5 coupon events (HFLY)
2026-04-14 16:46:11,447 [INFO] engines.inflow: ISIN BD0927271157: generated 31 coupon events (HFLY)
2026-04-14 16:46:11,474 [INFO] engines.inflow: ISIN BD0927251100: generated 21 coupon events (HFLY)
2026-04-14 16:46:11,494 [INFO] engines.inflow: ISIN BD0927311029: generated 5 coupon events (HFLY)
2026-04-14 16:46:11,500 [INFO] engines.inflow: ISIN BD0927311151: generated 31 coupon events (HFLY)
2026-04-14 16:46:11,527 [INFO] engines.inflow: ISIN BD0927351025: generated 5 coupon events (HFLY)
2026-04-14 16:46:11,534 [INFO] engines.inflow: ISIN BD0927761058: generated 11 coupon events (HFLY)
2026-04-14 16:46:11,551 [INFO] engines.inflow: ISIN BD0927351157: generated 31 coupon events (HFLY)
2026-04-14 16:46:11,578 [INFO] engines.inflow: ISIN BD0927391021: generated 5 coupon events (HFLY)
2026-04-14 16:46:11,585 [INFO] engines.inflow: ISIN BD0927391153: generated 31 coupon events (HFLY)
2026-04-14 16:46:11,612 [INFO] engines.inflow: ISIN BD0927431025: generated 5 coupon events (HFLY)
2026-04-14 16:46:11,623 [INFO] engines.inflow: ISIN BD0927841058: generated 11 coupon events (HFLY)
2026-04-14 16:46:11,641 [INFO] engines.inflow: ISIN BD0927431157: generated 31 coupon events (HFLY)
2026-04-14 16:46:11,669 [INFO] engines.inflow: ISIN BD0927471021: generated 5 coupon events (HFLY)
2026-04-14 16:46:11,674 [INFO] engines.inflow: ISIN BD0927471153: generated 31 coupon events (HFLY)
2026-04-14 16:46:11,704 [INFO] engines.inflow: ISIN BD0927011025: generated 5 coupon events (HFLY)
2026-04-14 16:46:11,710 [INFO] engines.inflow: ISIN BD0927021057: generated 11 coupon events (HFLY)
2026-04-14 16:46:11,725 [INFO] engines.inflow: ISIN BD0927031155: generated 31 coupon events (HFLY)
2026-04-14 16:46:11,751 [INFO] engines.inflow: ISIN BD0927041204: generated 41 coupon events (HFLY)
2026-04-14 16:46:11,793 [INFO] engines.inflow: ISIN BD0927081200: generated 40 coupon events (HFLY)
2026-04-14 16:46:11,828 [INFO] engines.inflow: ISIN BD0927091027: generated 5 coupon events (HFLY)
2026-04-14 16:46:11,833 [INFO] engines.inflow: ISIN BD0927111155: generated 31 coupon events (HFLY)
2026-04-14 16:46:11,861 [INFO] engines.inflow: ISIN BD0927121204: generated 41 coupon events (HFLY)
2026-04-14 16:46:11,895 [INFO] engines.inflow: ISIN BD0927151151: generated 31 coupon events (HFLY)
2026-04-14 16:46:11,922 [INFO] engines.inflow: ISIN BD0927101107: generated 21 coupon events (HFLY)
2026-04-14 16:46:11,937 [INFO] engines.inflow: ISIN BD0927161200: generated 41 coupon events (HFLY)
2026-04-14 16:46:11,972 [INFO] engines.inflow: ISIN BD0927171027: generated 5 coupon events (HFLY)
2026-04-14 16:46:11,979 [INFO] engines.inflow: ISIN BD0927181059: generated 11 coupon events (HFLY)
2026-04-14 16:46:11,988 [INFO] engines.inflow: ISIN BD0927191157: generated 31 coupon events (HFLY)
2026-04-14 16:46:12,022 [INFO] engines.inflow: ISIN BD0927201204: generated 41 coupon events (HFLY)
2026-04-14 16:46:12,064 [INFO] engines.inflow: ISIN BD0927231151: generated 31 coupon events (HFLY)
2026-04-14 16:46:12,090 [INFO] engines.inflow: ISIN BD0927241200: generated 41 coupon events (HFLY)
2026-04-14 16:46:12,120 [INFO] engines.inflow: ISIN BD0928261058: generated 11 coupon events (HFLY)
2026-04-14 16:46:12,130 [INFO] engines.inflow: ISIN BD0928271156: generated 31 coupon events (HFLY)
2026-04-14 16:46:12,160 [INFO] engines.inflow: ISIN BD0928281205: generated 41 coupon events (HFLY)
2026-04-14 16:46:12,187 [INFO] engines.inflow: ISIN BD0928311150: generated 31 coupon events (HFLY)
2026-04-14 16:46:12,211 [INFO] engines.inflow: ISIN BD0928321209: generated 41 coupon events (HFLY)
2026-04-14 16:46:12,247 [INFO] engines.inflow: ISIN BD0928351156: generated 31 coupon events (HFLY)
2026-04-14 16:46:12,280 [INFO] engines.inflow: ISIN BD0928361205: generated 41 coupon events (HFLY)
2026-04-14 16:46:12,312 [INFO] engines.inflow: ISIN BD0928381054: generated 11 coupon events (HFLY)
2026-04-14 16:46:12,321 [INFO] engines.inflow: ISIN BD0928391152: generated 31 coupon events (HFLY)
2026-04-14 16:46:12,346 [INFO] engines.inflow: ISIN BD0928401209: generated 41 coupon events (HFLY)
2026-04-14 16:46:12,378 [INFO] engines.inflow: ISIN BD0928431156: generated 31 coupon events (HFLY)
2026-04-14 16:46:12,400 [INFO] engines.inflow: ISIN BD0928441205: generated 41 coupon events (HFLY)
2026-04-14 16:46:12,445 [INFO] engines.inflow: ISIN BD0928461054: generated 11 coupon events (HFLY)
2026-04-14 16:46:12,461 [INFO] engines.inflow: ISIN BD0928471152: generated 31 coupon events (HFLY)
2026-04-14 16:46:12,502 [INFO] engines.inflow: ISIN BD0928331109: generated 21 coupon events (HFLY)
2026-04-14 16:46:12,528 [INFO] engines.inflow: ISIN BD0928481201: generated 41 coupon events (HFLY)
2026-04-14 16:46:12,593 [INFO] engines.inflow: ISIN BD0928041203: generated 41 coupon events (HFLY)
2026-04-14 16:46:12,647 [INFO] engines.inflow: ISIN BD0928041153: generated 31 coupon events (HFLY)
2026-04-14 16:46:12,677 [INFO] engines.inflow: ISIN BD0928061052: generated 11 coupon events (HFLY)
2026-04-14 16:46:12,693 [INFO] engines.inflow: ISIN BD0928081209: generated 41 coupon events (HFLY)
2026-04-14 16:46:12,735 [INFO] engines.inflow: ISIN BD0928081159: generated 30 coupon events (HFLY)
2026-04-14 16:46:12,766 [INFO] engines.inflow: ISIN BD0928101056: generated 11 coupon events (HFLY)
2026-04-14 16:46:12,774 [INFO] engines.inflow: ISIN BD0928121203: generated 41 coupon events (HFLY)
2026-04-14 16:46:12,804 [INFO] engines.inflow: ISIN BD0928121153: generated 31 coupon events (HFLY)
2026-04-14 16:46:12,833 [INFO] engines.inflow: ISIN BD0928161159: generated 31 coupon events (HFLY)
2026-04-14 16:46:12,854 [INFO] engines.inflow: ISIN BD0928161209: generated 41 coupon events (HFLY)
2026-04-14 16:46:12,890 [INFO] engines.inflow: ISIN BD0928181058: generated 11 coupon events (HFLY)
2026-04-14 16:46:12,903 [INFO] engines.inflow: ISIN BD0928131103: generated 21 coupon events (HFLY)
2026-04-14 16:46:12,922 [INFO] engines.inflow: ISIN BD0928201203: generated 41 coupon events (HFLY)
2026-04-14 16:46:12,955 [INFO] engines.inflow: ISIN BD0928201153: generated 31 coupon events (HFLY)
2026-04-14 16:46:12,986 [INFO] engines.inflow: ISIN BD0928221052: generated 11 coupon events (HFLY)
2026-04-14 16:46:12,997 [INFO] engines.inflow: ISIN BD0928241209: generated 41 coupon events (HFLY)
2026-04-14 16:46:13,054 [INFO] engines.inflow: ISIN BD0928241159: generated 31 coupon events (HFLY)
2026-04-14 16:46:13,093 [INFO] engines.inflow: ISIN BD0929281204: generated 41 coupon events (HFLY)
2026-04-14 16:46:13,135 [INFO] engines.inflow: ISIN BD0929281154: generated 31 coupon events (HFLY)
2026-04-14 16:46:13,163 [INFO] engines.inflow: ISIN BD0929321208: generated 41 coupon events (HFLY)
2026-04-14 16:46:13,198 [INFO] engines.inflow: ISIN BD0929321158: generated 31 coupon events (HFLY)
2026-04-14 16:46:13,222 [INFO] engines.inflow: ISIN BD0929361204: generated 41 coupon events (HFLY)
2026-04-14 16:46:13,265 [INFO] engines.inflow: ISIN BD0929361154: generated 31 coupon events (HFLY)
2026-04-14 16:46:13,285 [INFO] engines.inflow: ISIN BD0929401059: generated 11 coupon events (HFLY)
2026-04-14 16:46:13,301 [INFO] engines.inflow: ISIN BD0929311100: generated 21 coupon events (HFLY)
2026-04-14 16:46:13,329 [INFO] engines.inflow: ISIN BD0929401158: generated 31 coupon events (HFLY)
2026-04-14 16:46:13,356 [INFO] engines.inflow: ISIN BD0929401208: generated 41 coupon events (HFLY)
2026-04-14 16:46:13,382 [INFO] engines.inflow: ISIN BD0929431056: generated 11 coupon events (HFLY)
2026-04-14 16:46:13,394 [INFO] engines.inflow: ISIN BD0929441204: generated 41 coupon events (HFLY)
2026-04-14 16:46:13,428 [INFO] engines.inflow: ISIN BD0929441154: generated 31 coupon events (HFLY)
2026-04-14 16:46:13,460 [INFO] engines.inflow: ISIN BD0929381103: generated 21 coupon events (HFLY)
2026-04-14 16:46:13,484 [INFO] engines.inflow: ISIN BD0929481200: generated 41 coupon events (HFLY)
2026-04-14 16:46:13,524 [INFO] engines.inflow: ISIN BD0929481150: generated 31 coupon events (HFLY)
2026-04-14 16:46:13,549 [INFO] engines.inflow: ISIN BD0929041152: generated 31 coupon events (HFLY)
2026-04-14 16:46:13,572 [INFO] engines.inflow: ISIN BD0929041202: generated 41 coupon events (HFLY)
2026-04-14 16:46:13,612 [INFO] engines.inflow: ISIN BD0929061101: generated 21 coupon events (HFLY)
2026-04-14 16:46:13,632 [INFO] engines.inflow: ISIN BD0929081208: generated 41 coupon events (HFLY)
2026-04-14 16:46:13,676 [INFO] engines.inflow: ISIN BD0929081158: generated 31 coupon events (HFLY)
2026-04-14 16:46:13,702 [INFO] engines.inflow: ISIN BD0929121152: generated 31 coupon events (HFLY)
2026-04-14 16:46:13,728 [INFO] engines.inflow: ISIN BD0929151050: generated 11 coupon events (HFLY)
2026-04-14 16:46:13,736 [INFO] engines.inflow: ISIN BD0929161208: generated 41 coupon events (HFLY)
2026-04-14 16:46:13,781 [INFO] engines.inflow: ISIN BD0929161158: generated 31 coupon events (HFLY)
2026-04-14 16:46:13,807 [INFO] engines.inflow: ISIN BD0929201152: generated 31 coupon events (HFLY)
2026-04-14 16:46:13,829 [INFO] engines.inflow: ISIN BD0929241059: generated 11 coupon events (HFLY)
2026-04-14 16:46:13,839 [INFO] engines.inflow: ISIN BD0929221101: generated 21 coupon events (HFLY)
2026-04-14 16:46:13,868 [INFO] engines.inflow: ISIN BD0929201202: generated 41 coupon events (HFLY)
2026-04-14 16:46:13,903 [INFO] engines.inflow: ISIN BD0930261104: generated 21 coupon events (HFLY)
2026-04-14 16:46:13,976 [INFO] engines.inflow: ISIN BD0930321056: generated 11 coupon events (HFLY)
2026-04-14 16:46:13,998 [INFO] engines.inflow: ISIN BD0930251204: generated 41 coupon events (HFLY)
2026-04-14 16:46:14,031 [INFO] engines.inflow: ISIN BD0930281201: generated 41 coupon events (HFLY)
2026-04-14 16:46:14,063 [INFO] engines.inflow: ISIN BD0930401056: generated 11 coupon events (HFLY)
2026-04-14 16:46:14,072 [INFO] engines.inflow: ISIN BD0930321205: generated 41 coupon events (HFLY)
2026-04-14 16:46:14,106 [INFO] engines.inflow: ISIN BD0930381100: generated 21 coupon events (HFLY)
2026-04-14 16:46:14,126 [INFO] engines.inflow: ISIN BD0930361201: generated 41 coupon events (HFLY)
2026-04-14 16:46:14,164 [INFO] engines.inflow: ISIN BD0930431103: generated 21 coupon events (HFLY)
2026-04-14 16:46:14,175 [INFO] engines.inflow: ISIN BD0930481058: generated 11 coupon events (HFLY)
2026-04-14 16:46:14,189 [INFO] engines.inflow: ISIN BD0930401205: generated 41 coupon events (HFLY)
2026-04-14 16:46:14,226 [INFO] engines.inflow: ISIN BD0930031101: generated 21 coupon events (HFLY)
2026-04-14 16:46:14,245 [INFO] engines.inflow: ISIN BD0930041209: generated 41 coupon events (HFLY)
2026-04-14 16:46:14,280 [INFO] engines.inflow: ISIN BD0930041159: generated 31 coupon events (HFLY)
2026-04-14 16:46:14,309 [INFO] engines.inflow: ISIN BD0930081205: generated 41 coupon events (HFLY)
2026-04-14 16:46:14,347 [INFO] engines.inflow: ISIN BD0930101052: generated 11 coupon events (HFLY)
2026-04-14 16:46:14,355 [INFO] engines.inflow: ISIN BD0930121159: generated 31 coupon events (HFLY)
2026-04-14 16:46:14,385 [INFO] engines.inflow: ISIN BD0930121209: generated 41 coupon events (HFLY)
2026-04-14 16:46:14,412 [INFO] engines.inflow: ISIN BD0930141108: generated 21 coupon events (HFLY)
2026-04-14 16:46:14,425 [INFO] engines.inflow: ISIN BD0930161205: generated 41 coupon events (HFLY)
2026-04-14 16:46:14,461 [INFO] engines.inflow: ISIN BD0930201209: generated 41 coupon events (HFLY)
2026-04-14 16:46:14,485 [INFO] engines.inflow: ISIN BD0930211059: generated 11 coupon events (HFLY)
2026-04-14 16:46:14,499 [INFO] engines.inflow: ISIN BD0930241205: generated 41 coupon events (HFLY)
2026-04-14 16:46:14,534 [INFO] engines.inflow: ISIN BD0931281200: generated 41 coupon events (HFLY)
2026-04-14 16:46:14,563 [INFO] engines.inflow: ISIN BD0931301107: generated 21 coupon events (HFLY)
2026-04-14 16:46:14,584 [INFO] engines.inflow: ISIN BD0931321204: generated 41 coupon events (HFLY)
2026-04-14 16:46:14,616 [INFO] engines.inflow: ISIN BD0931361200: generated 41 coupon events (HFLY)
2026-04-14 16:46:14,648 [INFO] engines.inflow: ISIN BD0931401204: generated 41 coupon events (HFLY)
2026-04-14 16:46:14,683 [INFO] engines.inflow: ISIN BD0931401154: generated 31 coupon events (HFLY)
2026-04-14 16:46:14,705 [INFO] engines.inflow: ISIN BD0931401105: generated 21 coupon events (HFLY)
2026-04-14 16:46:14,720 [INFO] engines.inflow: ISIN BD0931441200: generated 41 coupon events (HFLY)
2026-04-14 16:46:14,749 [INFO] engines.inflow: ISIN BD0931471207: generated 41 coupon events (HFLY)
2026-04-14 16:46:14,789 [INFO] engines.inflow: ISIN BD0931481107: generated 21 coupon events (HFLY)
2026-04-14 16:46:14,809 [INFO] engines.inflow: ISIN BD0931041208: generated 41 coupon events (HFLY)
2026-04-14 16:46:14,841 [INFO] engines.inflow: ISIN BD0931081204: generated 41 coupon events (HFLY)
2026-04-14 16:46:14,877 [INFO] engines.inflow: ISIN BD0931121208: generated 41 coupon events (HFLY)
2026-04-14 16:46:14,904 [INFO] engines.inflow: ISIN BD0931561106: generated 21 coupon events (HFLY)
2026-04-14 16:46:14,933 [INFO] engines.inflow: ISIN BD0931161204: generated 41 coupon events (HFLY)
2026-04-14 16:46:14,970 [INFO] engines.inflow: ISIN BD0931201208: generated 41 coupon events (HFLY)
2026-04-14 16:46:14,998 [INFO] engines.inflow: ISIN BD0931241204: generated 41 coupon events (HFLY)
2026-04-14 16:46:15,036 [INFO] engines.inflow: ISIN BD0932691100: generated 21 coupon events (HFLY)
2026-04-14 16:46:15,052 [INFO] engines.inflow: ISIN BD0932281209: generated 41 coupon events (HFLY)
2026-04-14 16:46:15,080 [INFO] engines.inflow: ISIN BD0932321203: generated 40 coupon events (HFLY)
2026-04-14 16:46:15,125 [INFO] engines.inflow: ISIN BD0932361209: generated 41 coupon events (HFLY)
2026-04-14 16:46:15,158 [INFO] engines.inflow: ISIN BD0932401203: generated 41 coupon events (HFLY)
2026-04-14 16:46:15,188 [INFO] engines.inflow: ISIN BD0932851100: generated 21 coupon events (HFLY)
2026-04-14 16:46:15,207 [INFO] engines.inflow: ISIN BD0932441209: generated 41 coupon events (HFLY)
2026-04-14 16:46:15,244 [INFO] engines.inflow: ISIN BD0932891106: generated 21 coupon events (HFLY)
2026-04-14 16:46:15,258 [INFO] engines.inflow: ISIN BD0932481205: generated 41 coupon events (HFLY)
2026-04-14 16:46:15,299 [INFO] engines.inflow: ISIN BD0932041207: generated 41 coupon events (HFLY)
2026-04-14 16:46:15,346 [INFO] engines.inflow: ISIN BD0932081203: generated 40 coupon events (HFLY)
2026-04-14 16:46:15,385 [INFO] engines.inflow: ISIN BD0932111109: generated 21 coupon events (HFLY)
2026-04-14 16:46:15,418 [INFO] engines.inflow: ISIN BD0932121207: generated 41 coupon events (HFLY)
2026-04-14 16:46:15,460 [INFO] engines.inflow: ISIN BD0932161203: generated 41 coupon events (HFLY)
2026-04-14 16:46:15,501 [INFO] engines.inflow: ISIN BD0932201207: generated 41 coupon events (HFLY)
2026-04-14 16:46:15,534 [INFO] engines.inflow: ISIN BD0932231105: generated 21 coupon events (HFLY)
2026-04-14 16:46:15,554 [INFO] engines.inflow: ISIN BD0932241203: generated 41 coupon events (HFLY)
2026-04-14 16:46:15,597 [INFO] engines.inflow: ISIN BD0933281208: generated 41 coupon events (HFLY)
2026-04-14 16:46:15,633 [INFO] engines.inflow: ISIN BD0933321202: generated 41 coupon events (HFLY)
2026-04-14 16:46:15,669 [INFO] engines.inflow: ISIN BD0933351100: generated 21 coupon events (HFLY)
2026-04-14 16:46:15,695 [INFO] engines.inflow: ISIN BD0933361208: generated 41 coupon events (HFLY)
2026-04-14 16:46:15,737 [INFO] engines.inflow: ISIN BD0933401202: generated 41 coupon events (HFLY)
2026-04-14 16:46:15,800 [INFO] engines.inflow: ISIN BD0933441208: generated 41 coupon events (HFLY)
2026-04-14 16:46:15,850 [INFO] engines.inflow: ISIN BD0933481204: generated 41 coupon events (HFLY)
2026-04-14 16:46:15,898 [INFO] engines.inflow: ISIN BD0933041206: generated 41 coupon events (HFLY)
2026-04-14 16:46:15,930 [INFO] engines.inflow: ISIN BD0933071104: generated 21 coupon events (HFLY)
2026-04-14 16:46:15,948 [INFO] engines.inflow: ISIN BD0933081202: generated 40 coupon events (HFLY)
2026-04-14 16:46:15,986 [INFO] engines.inflow: ISIN BD0933121206: generated 41 coupon events (HFLY)
2026-04-14 16:46:16,016 [INFO] engines.inflow: ISIN BD0933101158: generated 31 coupon events (HFLY)
2026-04-14 16:46:16,058 [INFO] engines.inflow: ISIN BD0933161202: generated 41 coupon events (HFLY)
2026-04-14 16:46:16,087 [INFO] engines.inflow: ISIN BD0933201206: generated 41 coupon events (HFLY)
2026-04-14 16:46:16,120 [INFO] engines.inflow: ISIN BD0933141154: generated 31 coupon events (HFLY)
2026-04-14 16:46:16,140 [INFO] engines.inflow: ISIN BD0933241202: generated 41 coupon events (HFLY)
2026-04-14 16:46:16,178 [INFO] engines.inflow: ISIN BD0934281207: generated 41 coupon events (HFLY)
2026-04-14 16:46:16,215 [INFO] engines.inflow: ISIN BD0934311103: generated 21 coupon events (HFLY)
2026-04-14 16:46:16,232 [INFO] engines.inflow: ISIN BD0934321201: generated 41 coupon events (HFLY)
2026-04-14 16:46:16,264 [INFO] engines.inflow: ISIN BD0934361207: generated 41 coupon events (HFLY)
2026-04-14 16:46:16,292 [INFO] engines.inflow: ISIN BD0934401102: generated 21 coupon events (HFLY)
2026-04-14 16:46:16,309 [INFO] engines.inflow: ISIN BD0934401201: generated 41 coupon events (HFLY)
2026-04-14 16:46:16,348 [INFO] engines.inflow: ISIN BD0934441207: generated 41 coupon events (HFLY)
2026-04-14 16:46:16,380 [INFO] engines.inflow: ISIN BD0934481104: generated 21 coupon events (HFLY)
2026-04-14 16:46:16,400 [INFO] engines.inflow: ISIN BD0934481203: generated 41 coupon events (HFLY)
2026-04-14 16:46:16,433 [INFO] engines.inflow: ISIN BD0934041205: generated 41 coupon events (HFLY)
2026-04-14 16:46:16,465 [INFO] engines.inflow: ISIN BD0934081201: generated 41 coupon events (HFLY)
2026-04-14 16:46:16,491 [INFO] engines.inflow: ISIN BD0934121205: generated 41 coupon events (HFLY)
2026-04-14 16:46:16,529 [INFO] engines.inflow: ISIN BD0934161201: generated 41 coupon events (HFLY)
2026-04-14 16:46:16,565 [INFO] engines.inflow: ISIN BD0934201205: generated 41 coupon events (HFLY)
2026-04-14 16:46:16,594 [INFO] engines.inflow: ISIN BD0935291106: generated 21 coupon events (HFLY)
2026-04-14 16:46:16,618 [INFO] engines.inflow: ISIN BD0935371106: generated 21 coupon events (HFLY)
2026-04-14 16:46:16,636 [INFO] engines.inflow: ISIN BD0935391153: generated 31 coupon events (HFLY)
2026-04-14 16:46:16,666 [INFO] engines.inflow: ISIN BD0935451106: generated 21 coupon events (HFLY)
2026-04-14 16:46:16,688 [INFO] engines.inflow: ISIN BD0935441156: generated 31 coupon events (HFLY)
2026-04-14 16:46:16,713 [INFO] engines.inflow: ISIN BD0935031106: generated 21 coupon events (HFLY)
2026-04-14 16:46:16,736 [INFO] engines.inflow: ISIN BD0935041204: generated 41 coupon events (HFLY)
2026-04-14 16:46:16,779 [INFO] engines.inflow: ISIN BD0935191108: generated 21 coupon events (HFLY)
2026-04-14 16:46:16,798 [INFO] engines.inflow: ISIN BD0935201204: generated 41 coupon events (HFLY)
2026-04-14 16:46:16,837 [INFO] engines.inflow: ISIN BD0936401209: generated 41 coupon events (HFLY)
2026-04-14 16:46:16,867 [INFO] engines.inflow: ISIN BD0936491150: generated 31 coupon events (HFLY)
2026-04-14 16:46:16,891 [INFO] engines.inflow: ISIN BD0937821157: generated 31 coupon events (HFLY)
2026-04-14 16:46:16,927 [INFO] engines.inflow: ISIN BD0937901157: generated 31 coupon events (HFLY)
2026-04-14 16:46:16,961 [INFO] engines.inflow: ISIN BD0938141209: generated 41 coupon events (HFLY)
2026-04-14 16:46:16,990 [INFO] engines.inflow: ISIN BD0939371151: generated 31 coupon events (HFLY)
2026-04-14 16:46:17,016 [INFO] engines.inflow: ISIN BD0939391209: generated 41 coupon events (HFLY)
2026-04-14 16:46:17,045 [INFO] engines.inflow: ISIN BD0940381157: generated 31 coupon events (HFLY)
2026-04-14 16:46:17,075 [INFO] engines.inflow: ISIN BD0940401203: generated 41 coupon events (HFLY)
2026-04-14 16:46:17,099 [INFO] engines.inflow: ISIN BD0940441209: generated 41 coupon events (HFLY)
2026-04-14 16:46:17,130 [INFO] engines.inflow: ISIN BD0940081153: generated 31 coupon events (HFLY)
2026-04-14 16:46:17,164 [INFO] engines.inflow: ISIN BD0941451207: generated 41 coupon events (HFLY)
2026-04-14 16:46:17,199 [INFO] engines.inflow: ISIN BD0942781206: generated 41 coupon events (HFLY)
2026-04-14 16:46:17,226 [INFO] engines.inflow: ISIN BD0942901200: generated 41 coupon events (HFLY)
2026-04-14 16:46:17,253 [INFO] engines.inflow: ISIN BD0942241201: generated 41 coupon events (HFLY)
2026-04-14 16:46:17,289 [INFO] engines.inflow: ISIN BD0943281206: generated 41 coupon events (HFLY)
2026-04-14 16:46:17,322 [INFO] engines.inflow: ISIN BD0944051202: generated 41 coupon events (HFLY)
2026-04-14 16:46:17,349 [INFO] engines.inflow: ISIN BD0945461202: generated 41 coupon events (HFLY)
2026-04-14 16:46:17,388 [INFO] engines.inflow: ISIN BD0945081208: generated 41 coupon events (HFLY)
2026-04-14 16:46:17,417 [INFO] engines.inflow: ISIN BD0927141038: generated 13 coupon events (QRTY)
2026-04-14 16:46:17,424 [INFO] engines.inflow: ISIN BD0927231037: generated 13 coupon events (QRTY)
2026-04-14 16:46:17,440 [INFO] engines.inflow: ISIN BD0928271032: generated 13 coupon events (QRTY)
2026-04-14 16:46:17,454 [INFO] engines.inflow: ISIN BD0928431032: generated 13 coupon events (QRTY)
2026-04-14 16:46:17,468 [INFO] engines.inflow: ISIN BD0928471038: generated 13 coupon events (QRTY)
2026-04-14 16:46:17,480 [INFO] engines.inflow: ISIN BD0928011032: generated 13 coupon events (QRTY)
2026-04-14 16:46:17,493 [INFO] engines.inflow: ISIN BD0928131038: generated 13 coupon events (QRTY)
2026-04-14 16:46:17,505 [INFO] engines.inflow: ISIN BD0929261032: generated 13 coupon events (QRTY)
2026-04-14 16:46:17,601 [INFO] engines.pipeline: Events: 323 maturities, 6930 coupon dates
2026-04-14 16:46:19,667 [INFO] fetchers.auction_live: Playwright: loading https://www.bb.org.bd/en/index.php/monetaryactivity/auc_calendar/1
2026-04-14 16:46:35,660 [WARNING] fetchers.auction_live: Playwright: tables did not appear in 15s
2026-04-14 16:46:35,784 [INFO] fetchers.auction_live: Playwright: fetched 45579 bytes
2026-04-14 16:46:35,803 [INFO] fetchers.auction_live: Found 0 tables on auction calendar page
2026-04-14 16:46:35,803 [INFO] fetchers.auction_live: HTML parse complete: 0 total rows | T-Bill: 0 | T-Bond: 0 | FRTB: 0
2026-04-14 16:46:35,804 [WARNING] fetchers.auction_live: Playwright got HTML but parsed 0 rows — falling back to CSV
2026-04-14 16:46:35,816 [INFO] fetchers.auction_parser: Auction HTML parse from C:\Users\Administrator\Desktop\mm_dashboard\data\seeds\auction_calendar.csv: 81 total rows | T-Bill: 54 | T-Bond: 23 | FRTB: 4
2026-04-14 16:46:35,816 [WARNING] fetchers.auction_live: Using CSV seed only (81 rows). Install Playwright for live: pip install playwright && python -m playwright install chromium
2026-04-14 16:46:35,817 [ERROR] engines.pipeline: Pipeline failed with unhandled exception
Traceback (most recent call last):
  File "C:\Users\Administrator\Desktop\mm_dashboard\engines\pipeline.py", line 301, in run_pipeline
    raw_auctions = fetch_auction_rows(date_from, date_to)
  File "C:\Users\Administrator\Desktop\mm_dashboard\fetchers\auction_live.py", line 372, in fetch_live_auction_rows
    if (not date_from or r["auction_date"] >= date_from.isoformat()[:10])
                         ^^^^^^^^^^^^^^^^^^^^^^^^^^^^^^^^^^^^^^^^^^^^^^^
TypeError: '>=' not supported between instances of 'datetime.date' and 'str'
2026-04-14 16:46:35,820 [INFO] run: Pipeline result: {'securities_fetched': 320, 'securities_in_db': 323, 'securities': 320, 'coupons': 6930, 'maturities': 323, 'auctions': 0, 'daily_rows': 0, 'errors': ["FATAL: '>=' not supported between instances of 'datetime.date' and 'str'"]}
2026-04-14 16:46:35,821 [ERROR] run: Errors: ["FATAL: '>=' not supported between instances of 'datetime.date' and 'str'"]
2026-04-14 16:53:17,449 [INFO] run: Running pipeline: 2026-02-13 to 2027-04-14
2026-04-14 16:53:17,492 [INFO] db: Database initialised at C:\Users\Administrator\Desktop\mm_dashboard\data\mm_dashboard.db
2026-04-14 16:53:17,514 [INFO] calendar_utils: Holiday calendar loaded: 10 public holidays
2026-04-14 16:53:17,514 [INFO] engines.pipeline: Loaded 10 holidays
2026-04-14 16:53:17,514 [INFO] fetchers.gsom: Fetching T_BOND from https://gsom.bb.org.bd/mtm.php
2026-04-14 16:53:20,709 [INFO] fetchers.http_client: Fetched https://gsom.bb.org.bd/mtm.php (311030 bytes)
2026-04-14 16:53:20,711 [INFO] fetchers.gsom: Fetched T_BOND: 311030 bytes
2026-04-14 16:53:21,048 [INFO] parsers.securities: Parsed 225 rows from https://gsom.bb.org.bd/mtm.php
2026-04-14 16:53:21,049 [INFO] engines.pipeline: GSOM T_BOND: fetched 225 rows from https://gsom.bb.org.bd/mtm.php
2026-04-14 16:53:21,049 [INFO] fetchers.gsom: Fetching FRTB from https://gsom.bb.org.bd/mtm-frtb.php
2026-04-14 16:53:22,376 [INFO] fetchers.http_client: Fetched https://gsom.bb.org.bd/mtm-frtb.php (19937 bytes)
2026-04-14 16:53:22,380 [INFO] fetchers.gsom: Fetched FRTB: 19937 bytes
2026-04-14 16:53:22,401 [INFO] parsers.securities: Parsed 8 rows from https://gsom.bb.org.bd/mtm-frtb.php
2026-04-14 16:53:22,402 [INFO] engines.pipeline: GSOM FRTB: fetched 8 rows from https://gsom.bb.org.bd/mtm-frtb.php
2026-04-14 16:53:22,402 [INFO] fetchers.gsom: Fetching T_BILL from https://gsom.bb.org.bd/mtm-bill.php
2026-04-14 16:53:23,560 [INFO] fetchers.http_client: Fetched https://gsom.bb.org.bd/mtm-bill.php (97038 bytes)
2026-04-14 16:53:23,563 [INFO] fetchers.gsom: Fetched T_BILL: 97038 bytes
2026-04-14 16:53:23,666 [INFO] parsers.securities: Parsed 87 T-Bill rows from https://gsom.bb.org.bd/mtm-bill.php
2026-04-14 16:53:23,666 [INFO] engines.pipeline: GSOM T_BILL: fetched 87 rows from https://gsom.bb.org.bd/mtm-bill.php
2026-04-14 16:53:23,667 [INFO] engines.pipeline: GSOM total: 320 securities fetched across all pages
2026-04-14 16:53:23,987 [INFO] engines.pipeline: Regenerating events for 323 securities in DB
2026-04-14 16:53:23,991 [WARNING] engines.inflow: ISIN BD0926341159: missing ['next_coupon_date'] — cannot generate coupon schedule
2026-04-14 16:53:23,995 [INFO] engines.inflow: ISIN BD0926421027: generated 5 coupon events (HFLY)
2026-04-14 16:53:24,008 [INFO] engines.inflow: ISIN BD0926381155: generated 31 coupon events (HFLY)
2026-04-14 16:53:24,039 [INFO] engines.inflow: ISIN BD0926461023: generated 5 coupon events (HFLY)
2026-04-14 16:53:24,047 [INFO] engines.inflow: ISIN BD0926421159: generated 31 coupon events (HFLY)
2026-04-14 16:53:24,078 [INFO] engines.inflow: ISIN BD0926431059: generated 11 coupon events (HFLY)
2026-04-14 16:53:24,088 [INFO] engines.inflow: ISIN BD0926021108: generated 21 coupon events (HFLY)
2026-04-14 16:53:24,111 [INFO] engines.inflow: ISIN BD0926061021: generated 5 coupon events (HFLY)
2026-04-14 16:53:24,122 [INFO] engines.inflow: ISIN BD0926071152: generated 31 coupon events (HFLY)
2026-04-14 16:53:24,159 [INFO] engines.inflow: ISIN BD0926541055: generated 11 coupon events (HFLY)
2026-04-14 16:53:24,168 [INFO] engines.inflow: ISIN BD0926111156: generated 31 coupon events (HFLY)
2026-04-14 16:53:24,204 [INFO] engines.inflow: ISIN BD0926141021: generated 5 coupon events (HFLY)
2026-04-14 16:53:24,213 [INFO] engines.inflow: ISIN BD0926151152: generated 31 coupon events (HFLY)
2026-04-14 16:53:24,249 [INFO] engines.inflow: ISIN BD0926191026: generated 5 coupon events (HFLY)
2026-04-14 16:53:24,255 [INFO] engines.inflow: ISIN BD0926601057: generated 11 coupon events (HFLY)
2026-04-14 16:53:24,270 [INFO] engines.inflow: ISIN BD0926191158: generated 31 coupon events (HFLY)
2026-04-14 16:53:24,299 [INFO] engines.inflow: ISIN BD0926231152: generated 31 coupon events (HFLY)
2026-04-14 16:53:24,337 [INFO] engines.inflow: ISIN BD0927271025: generated 5 coupon events (HFLY)
2026-04-14 16:53:24,348 [INFO] engines.inflow: ISIN BD0927271157: generated 31 coupon events (HFLY)
2026-04-14 16:53:24,375 [INFO] engines.inflow: ISIN BD0927251100: generated 21 coupon events (HFLY)
2026-04-14 16:53:24,392 [INFO] engines.inflow: ISIN BD0927311029: generated 5 coupon events (HFLY)
2026-04-14 16:53:24,401 [INFO] engines.inflow: ISIN BD0927311151: generated 31 coupon events (HFLY)
2026-04-14 16:53:24,430 [INFO] engines.inflow: ISIN BD0927351025: generated 5 coupon events (HFLY)
2026-04-14 16:53:24,439 [INFO] engines.inflow: ISIN BD0927761058: generated 11 coupon events (HFLY)
2026-04-14 16:53:24,454 [INFO] engines.inflow: ISIN BD0927351157: generated 31 coupon events (HFLY)
2026-04-14 16:53:24,487 [INFO] engines.inflow: ISIN BD0927391021: generated 5 coupon events (HFLY)
2026-04-14 16:53:24,495 [INFO] engines.inflow: ISIN BD0927391153: generated 31 coupon events (HFLY)
2026-04-14 16:53:24,531 [INFO] engines.inflow: ISIN BD0927431025: generated 5 coupon events (HFLY)
2026-04-14 16:53:24,535 [INFO] engines.inflow: ISIN BD0927841058: generated 11 coupon events (HFLY)
2026-04-14 16:53:24,551 [INFO] engines.inflow: ISIN BD0927431157: generated 31 coupon events (HFLY)
2026-04-14 16:53:24,606 [INFO] engines.inflow: ISIN BD0927471021: generated 5 coupon events (HFLY)
2026-04-14 16:53:24,653 [INFO] engines.inflow: ISIN BD0927471153: generated 31 coupon events (HFLY)
2026-04-14 16:53:24,707 [INFO] engines.inflow: ISIN BD0927011025: generated 5 coupon events (HFLY)
2026-04-14 16:53:24,719 [INFO] engines.inflow: ISIN BD0927021057: generated 11 coupon events (HFLY)
2026-04-14 16:53:24,734 [INFO] engines.inflow: ISIN BD0927031155: generated 31 coupon events (HFLY)
2026-04-14 16:53:24,768 [INFO] engines.inflow: ISIN BD0927041204: generated 41 coupon events (HFLY)
2026-04-14 16:53:24,814 [INFO] engines.inflow: ISIN BD0927081200: generated 40 coupon events (HFLY)
2026-04-14 16:53:24,855 [INFO] engines.inflow: ISIN BD0927091027: generated 5 coupon events (HFLY)
2026-04-14 16:53:24,867 [INFO] engines.inflow: ISIN BD0927111155: generated 31 coupon events (HFLY)
2026-04-14 16:53:24,910 [INFO] engines.inflow: ISIN BD0927121204: generated 41 coupon events (HFLY)
2026-04-14 16:53:24,951 [INFO] engines.inflow: ISIN BD0927151151: generated 31 coupon events (HFLY)
2026-04-14 16:53:24,979 [INFO] engines.inflow: ISIN BD0927101107: generated 21 coupon events (HFLY)
2026-04-14 16:53:24,998 [INFO] engines.inflow: ISIN BD0927161200: generated 41 coupon events (HFLY)
2026-04-14 16:53:25,040 [INFO] engines.inflow: ISIN BD0927171027: generated 5 coupon events (HFLY)
2026-04-14 16:53:25,050 [INFO] engines.inflow: ISIN BD0927181059: generated 11 coupon events (HFLY)
2026-04-14 16:53:25,061 [INFO] engines.inflow: ISIN BD0927191157: generated 31 coupon events (HFLY)
2026-04-14 16:53:25,093 [INFO] engines.inflow: ISIN BD0927201204: generated 41 coupon events (HFLY)
2026-04-14 16:53:25,128 [INFO] engines.inflow: ISIN BD0927231151: generated 31 coupon events (HFLY)
2026-04-14 16:53:25,158 [INFO] engines.inflow: ISIN BD0927241200: generated 41 coupon events (HFLY)
2026-04-14 16:53:25,195 [INFO] engines.inflow: ISIN BD0928261058: generated 11 coupon events (HFLY)
2026-04-14 16:53:25,204 [INFO] engines.inflow: ISIN BD0928271156: generated 31 coupon events (HFLY)
2026-04-14 16:53:25,235 [INFO] engines.inflow: ISIN BD0928281205: generated 41 coupon events (HFLY)
2026-04-14 16:53:25,273 [INFO] engines.inflow: ISIN BD0928311150: generated 31 coupon events (HFLY)
2026-04-14 16:53:25,292 [INFO] engines.inflow: ISIN BD0928321209: generated 41 coupon events (HFLY)
2026-04-14 16:53:25,335 [INFO] engines.inflow: ISIN BD0928351156: generated 31 coupon events (HFLY)
2026-04-14 16:53:25,362 [INFO] engines.inflow: ISIN BD0928361205: generated 41 coupon events (HFLY)
2026-04-14 16:53:25,398 [INFO] engines.inflow: ISIN BD0928381054: generated 11 coupon events (HFLY)
2026-04-14 16:53:25,407 [INFO] engines.inflow: ISIN BD0928391152: generated 31 coupon events (HFLY)
2026-04-14 16:53:25,443 [INFO] engines.inflow: ISIN BD0928401209: generated 41 coupon events (HFLY)
2026-04-14 16:53:25,481 [INFO] engines.inflow: ISIN BD0928431156: generated 31 coupon events (HFLY)
2026-04-14 16:53:25,502 [INFO] engines.inflow: ISIN BD0928441205: generated 41 coupon events (HFLY)
2026-04-14 16:53:25,538 [INFO] engines.inflow: ISIN BD0928461054: generated 11 coupon events (HFLY)
2026-04-14 16:53:25,549 [INFO] engines.inflow: ISIN BD0928471152: generated 31 coupon events (HFLY)
2026-04-14 16:53:25,587 [INFO] engines.inflow: ISIN BD0928331109: generated 21 coupon events (HFLY)
2026-04-14 16:53:25,613 [INFO] engines.inflow: ISIN BD0928481201: generated 41 coupon events (HFLY)
2026-04-14 16:53:25,644 [INFO] engines.inflow: ISIN BD0928041203: generated 41 coupon events (HFLY)
2026-04-14 16:53:25,690 [INFO] engines.inflow: ISIN BD0928041153: generated 31 coupon events (HFLY)
2026-04-14 16:53:25,733 [INFO] engines.inflow: ISIN BD0928061052: generated 11 coupon events (HFLY)
2026-04-14 16:53:25,744 [INFO] engines.inflow: ISIN BD0928081209: generated 41 coupon events (HFLY)
2026-04-14 16:53:25,790 [INFO] engines.inflow: ISIN BD0928081159: generated 30 coupon events (HFLY)
2026-04-14 16:53:25,816 [INFO] engines.inflow: ISIN BD0928101056: generated 11 coupon events (HFLY)
2026-04-14 16:53:25,832 [INFO] engines.inflow: ISIN BD0928121203: generated 41 coupon events (HFLY)
2026-04-14 16:53:25,863 [INFO] engines.inflow: ISIN BD0928121153: generated 31 coupon events (HFLY)
2026-04-14 16:53:25,901 [INFO] engines.inflow: ISIN BD0928161159: generated 31 coupon events (HFLY)
2026-04-14 16:53:25,930 [INFO] engines.inflow: ISIN BD0928161209: generated 41 coupon events (HFLY)
2026-04-14 16:53:25,979 [INFO] engines.inflow: ISIN BD0928181058: generated 11 coupon events (HFLY)
2026-04-14 16:53:25,994 [INFO] engines.inflow: ISIN BD0928131103: generated 21 coupon events (HFLY)
2026-04-14 16:53:26,009 [INFO] engines.inflow: ISIN BD0928201203: generated 41 coupon events (HFLY)
2026-04-14 16:53:26,043 [INFO] engines.inflow: ISIN BD0928201153: generated 31 coupon events (HFLY)
2026-04-14 16:53:26,075 [INFO] engines.inflow: ISIN BD0928221052: generated 11 coupon events (HFLY)
2026-04-14 16:53:26,082 [INFO] engines.inflow: ISIN BD0928241209: generated 41 coupon events (HFLY)
2026-04-14 16:53:26,122 [INFO] engines.inflow: ISIN BD0928241159: generated 31 coupon events (HFLY)
2026-04-14 16:53:26,147 [INFO] engines.inflow: ISIN BD0929281204: generated 41 coupon events (HFLY)
2026-04-14 16:53:26,181 [INFO] engines.inflow: ISIN BD0929281154: generated 31 coupon events (HFLY)
2026-04-14 16:53:26,210 [INFO] engines.inflow: ISIN BD0929321208: generated 41 coupon events (HFLY)
2026-04-14 16:53:26,251 [INFO] engines.inflow: ISIN BD0929321158: generated 31 coupon events (HFLY)
2026-04-14 16:53:26,297 [INFO] engines.inflow: ISIN BD0929361204: generated 41 coupon events (HFLY)
2026-04-14 16:53:26,329 [INFO] engines.inflow: ISIN BD0929361154: generated 31 coupon events (HFLY)
2026-04-14 16:53:26,351 [INFO] engines.inflow: ISIN BD0929401059: generated 11 coupon events (HFLY)
2026-04-14 16:53:26,362 [INFO] engines.inflow: ISIN BD0929311100: generated 21 coupon events (HFLY)
2026-04-14 16:53:26,385 [INFO] engines.inflow: ISIN BD0929401158: generated 31 coupon events (HFLY)
2026-04-14 16:53:26,413 [INFO] engines.inflow: ISIN BD0929401208: generated 41 coupon events (HFLY)
2026-04-14 16:53:26,442 [INFO] engines.inflow: ISIN BD0929431056: generated 11 coupon events (HFLY)
2026-04-14 16:53:26,458 [INFO] engines.inflow: ISIN BD0929441204: generated 41 coupon events (HFLY)
2026-04-14 16:53:26,494 [INFO] engines.inflow: ISIN BD0929441154: generated 31 coupon events (HFLY)
2026-04-14 16:53:26,518 [INFO] engines.inflow: ISIN BD0929381103: generated 21 coupon events (HFLY)
2026-04-14 16:53:26,533 [INFO] engines.inflow: ISIN BD0929481200: generated 41 coupon events (HFLY)
2026-04-14 16:53:26,573 [INFO] engines.inflow: ISIN BD0929481150: generated 31 coupon events (HFLY)
2026-04-14 16:53:26,603 [INFO] engines.inflow: ISIN BD0929041152: generated 31 coupon events (HFLY)
2026-04-14 16:53:26,643 [INFO] engines.inflow: ISIN BD0929041202: generated 41 coupon events (HFLY)
2026-04-14 16:53:26,686 [INFO] engines.inflow: ISIN BD0929061101: generated 21 coupon events (HFLY)
2026-04-14 16:53:26,706 [INFO] engines.inflow: ISIN BD0929081208: generated 41 coupon events (HFLY)
2026-04-14 16:53:26,748 [INFO] engines.inflow: ISIN BD0929081158: generated 31 coupon events (HFLY)
2026-04-14 16:53:26,774 [INFO] engines.inflow: ISIN BD0929121152: generated 31 coupon events (HFLY)
2026-04-14 16:53:26,804 [INFO] engines.inflow: ISIN BD0929151050: generated 11 coupon events (HFLY)
2026-04-14 16:53:26,824 [INFO] engines.inflow: ISIN BD0929161208: generated 41 coupon events (HFLY)
2026-04-14 16:53:26,866 [INFO] engines.inflow: ISIN BD0929161158: generated 31 coupon events (HFLY)
2026-04-14 16:53:26,893 [INFO] engines.inflow: ISIN BD0929201152: generated 31 coupon events (HFLY)
2026-04-14 16:53:26,921 [INFO] engines.inflow: ISIN BD0929241059: generated 11 coupon events (HFLY)
2026-04-14 16:53:26,937 [INFO] engines.inflow: ISIN BD0929221101: generated 21 coupon events (HFLY)
2026-04-14 16:53:26,965 [INFO] engines.inflow: ISIN BD0929201202: generated 41 coupon events (HFLY)
2026-04-14 16:53:26,996 [INFO] engines.inflow: ISIN BD0930261104: generated 21 coupon events (HFLY)
2026-04-14 16:53:27,021 [INFO] engines.inflow: ISIN BD0930321056: generated 11 coupon events (HFLY)
2026-04-14 16:53:27,031 [INFO] engines.inflow: ISIN BD0930251204: generated 41 coupon events (HFLY)
2026-04-14 16:53:27,066 [INFO] engines.inflow: ISIN BD0930281201: generated 41 coupon events (HFLY)
2026-04-14 16:53:27,108 [INFO] engines.inflow: ISIN BD0930401056: generated 11 coupon events (HFLY)
2026-04-14 16:53:27,119 [INFO] engines.inflow: ISIN BD0930321205: generated 41 coupon events (HFLY)
2026-04-14 16:53:27,162 [INFO] engines.inflow: ISIN BD0930381100: generated 21 coupon events (HFLY)
2026-04-14 16:53:27,181 [INFO] engines.inflow: ISIN BD0930361201: generated 41 coupon events (HFLY)
2026-04-14 16:53:27,213 [INFO] engines.inflow: ISIN BD0930431103: generated 21 coupon events (HFLY)
2026-04-14 16:53:27,235 [INFO] engines.inflow: ISIN BD0930481058: generated 11 coupon events (HFLY)
2026-04-14 16:53:27,246 [INFO] engines.inflow: ISIN BD0930401205: generated 41 coupon events (HFLY)
2026-04-14 16:53:27,282 [INFO] engines.inflow: ISIN BD0930031101: generated 21 coupon events (HFLY)
2026-04-14 16:53:27,299 [INFO] engines.inflow: ISIN BD0930041209: generated 41 coupon events (HFLY)
2026-04-14 16:53:27,338 [INFO] engines.inflow: ISIN BD0930041159: generated 31 coupon events (HFLY)
2026-04-14 16:53:27,364 [INFO] engines.inflow: ISIN BD0930081205: generated 41 coupon events (HFLY)
2026-04-14 16:53:27,396 [INFO] engines.inflow: ISIN BD0930101052: generated 11 coupon events (HFLY)
2026-04-14 16:53:27,406 [INFO] engines.inflow: ISIN BD0930121159: generated 31 coupon events (HFLY)
2026-04-14 16:53:27,437 [INFO] engines.inflow: ISIN BD0930121209: generated 41 coupon events (HFLY)
2026-04-14 16:53:27,480 [INFO] engines.inflow: ISIN BD0930141108: generated 21 coupon events (HFLY)
2026-04-14 16:53:27,504 [INFO] engines.inflow: ISIN BD0930161205: generated 41 coupon events (HFLY)
2026-04-14 16:53:27,534 [INFO] engines.inflow: ISIN BD0930201209: generated 41 coupon events (HFLY)
2026-04-14 16:53:27,568 [INFO] engines.inflow: ISIN BD0930211059: generated 11 coupon events (HFLY)
2026-04-14 16:53:27,577 [INFO] engines.inflow: ISIN BD0930241205: generated 41 coupon events (HFLY)
2026-04-14 16:53:27,620 [INFO] engines.inflow: ISIN BD0931281200: generated 41 coupon events (HFLY)
2026-04-14 16:53:27,655 [INFO] engines.inflow: ISIN BD0931301107: generated 21 coupon events (HFLY)
2026-04-14 16:53:27,670 [INFO] engines.inflow: ISIN BD0931321204: generated 41 coupon events (HFLY)
2026-04-14 16:53:27,713 [INFO] engines.inflow: ISIN BD0931361200: generated 41 coupon events (HFLY)
2026-04-14 16:53:27,760 [INFO] engines.inflow: ISIN BD0931401204: generated 41 coupon events (HFLY)
2026-04-14 16:53:27,799 [INFO] engines.inflow: ISIN BD0931401154: generated 31 coupon events (HFLY)
2026-04-14 16:53:27,824 [INFO] engines.inflow: ISIN BD0931401105: generated 21 coupon events (HFLY)
2026-04-14 16:53:27,855 [INFO] engines.inflow: ISIN BD0931441200: generated 41 coupon events (HFLY)
2026-04-14 16:53:27,893 [INFO] engines.inflow: ISIN BD0931471207: generated 41 coupon events (HFLY)
2026-04-14 16:53:27,930 [INFO] engines.inflow: ISIN BD0931481107: generated 21 coupon events (HFLY)
2026-04-14 16:53:27,942 [INFO] engines.inflow: ISIN BD0931041208: generated 41 coupon events (HFLY)
2026-04-14 16:53:27,982 [INFO] engines.inflow: ISIN BD0931081204: generated 41 coupon events (HFLY)
2026-04-14 16:53:28,018 [INFO] engines.inflow: ISIN BD0931121208: generated 41 coupon events (HFLY)
2026-04-14 16:53:28,052 [INFO] engines.inflow: ISIN BD0931561106: generated 21 coupon events (HFLY)
2026-04-14 16:53:28,077 [INFO] engines.inflow: ISIN BD0931161204: generated 41 coupon events (HFLY)
2026-04-14 16:53:28,104 [INFO] engines.inflow: ISIN BD0931201208: generated 41 coupon events (HFLY)
2026-04-14 16:53:28,141 [INFO] engines.inflow: ISIN BD0931241204: generated 41 coupon events (HFLY)
2026-04-14 16:53:28,170 [INFO] engines.inflow: ISIN BD0932691100: generated 21 coupon events (HFLY)
2026-04-14 16:53:28,196 [INFO] engines.inflow: ISIN BD0932281209: generated 41 coupon events (HFLY)
2026-04-14 16:53:28,238 [INFO] engines.inflow: ISIN BD0932321203: generated 40 coupon events (HFLY)
2026-04-14 16:53:28,272 [INFO] engines.inflow: ISIN BD0932361209: generated 41 coupon events (HFLY)
2026-04-14 16:53:28,312 [INFO] engines.inflow: ISIN BD0932401203: generated 41 coupon events (HFLY)
2026-04-14 16:53:28,344 [INFO] engines.inflow: ISIN BD0932851100: generated 21 coupon events (HFLY)
2026-04-14 16:53:28,362 [INFO] engines.inflow: ISIN BD0932441209: generated 41 coupon events (HFLY)
2026-04-14 16:53:28,404 [INFO] engines.inflow: ISIN BD0932891106: generated 21 coupon events (HFLY)
2026-04-14 16:53:28,418 [INFO] engines.inflow: ISIN BD0932481205: generated 41 coupon events (HFLY)
2026-04-14 16:53:28,462 [INFO] engines.inflow: ISIN BD0932041207: generated 41 coupon events (HFLY)
2026-04-14 16:53:28,485 [INFO] engines.inflow: ISIN BD0932081203: generated 40 coupon events (HFLY)
2026-04-14 16:53:28,529 [INFO] engines.inflow: ISIN BD0932111109: generated 21 coupon events (HFLY)
2026-04-14 16:53:28,547 [INFO] engines.inflow: ISIN BD0932121207: generated 41 coupon events (HFLY)
2026-04-14 16:53:28,585 [INFO] engines.inflow: ISIN BD0932161203: generated 41 coupon events (HFLY)
2026-04-14 16:53:28,619 [INFO] engines.inflow: ISIN BD0932201207: generated 41 coupon events (HFLY)
2026-04-14 16:53:28,653 [INFO] engines.inflow: ISIN BD0932231105: generated 21 coupon events (HFLY)
2026-04-14 16:53:28,681 [INFO] engines.inflow: ISIN BD0932241203: generated 41 coupon events (HFLY)
2026-04-14 16:53:28,717 [INFO] engines.inflow: ISIN BD0933281208: generated 41 coupon events (HFLY)
2026-04-14 16:53:28,748 [INFO] engines.inflow: ISIN BD0933321202: generated 41 coupon events (HFLY)
2026-04-14 16:53:28,781 [INFO] engines.inflow: ISIN BD0933351100: generated 21 coupon events (HFLY)
2026-04-14 16:53:28,807 [INFO] engines.inflow: ISIN BD0933361208: generated 41 coupon events (HFLY)
2026-04-14 16:53:28,843 [INFO] engines.inflow: ISIN BD0933401202: generated 41 coupon events (HFLY)
2026-04-14 16:53:28,875 [INFO] engines.inflow: ISIN BD0933441208: generated 41 coupon events (HFLY)
2026-04-14 16:53:28,919 [INFO] engines.inflow: ISIN BD0933481204: generated 41 coupon events (HFLY)
2026-04-14 16:53:28,953 [INFO] engines.inflow: ISIN BD0933041206: generated 41 coupon events (HFLY)
2026-04-14 16:53:28,982 [INFO] engines.inflow: ISIN BD0933071104: generated 21 coupon events (HFLY)
2026-04-14 16:53:28,996 [INFO] engines.inflow: ISIN BD0933081202: generated 40 coupon events (HFLY)
2026-04-14 16:53:29,031 [INFO] engines.inflow: ISIN BD0933121206: generated 41 coupon events (HFLY)
2026-04-14 16:53:29,066 [INFO] engines.inflow: ISIN BD0933101158: generated 31 coupon events (HFLY)
2026-04-14 16:53:29,105 [INFO] engines.inflow: ISIN BD0933161202: generated 41 coupon events (HFLY)
2026-04-14 16:53:29,156 [INFO] engines.inflow: ISIN BD0933201206: generated 41 coupon events (HFLY)
2026-04-14 16:53:29,197 [INFO] engines.inflow: ISIN BD0933141154: generated 31 coupon events (HFLY)
2026-04-14 16:53:29,236 [INFO] engines.inflow: ISIN BD0933241202: generated 41 coupon events (HFLY)
2026-04-14 16:53:29,268 [INFO] engines.inflow: ISIN BD0934281207: generated 41 coupon events (HFLY)
2026-04-14 16:53:29,301 [INFO] engines.inflow: ISIN BD0934311103: generated 21 coupon events (HFLY)
2026-04-14 16:53:29,325 [INFO] engines.inflow: ISIN BD0934321201: generated 41 coupon events (HFLY)
2026-04-14 16:53:29,358 [INFO] engines.inflow: ISIN BD0934361207: generated 41 coupon events (HFLY)
2026-04-14 16:53:29,402 [INFO] engines.inflow: ISIN BD0934401102: generated 21 coupon events (HFLY)
2026-04-14 16:53:29,420 [INFO] engines.inflow: ISIN BD0934401201: generated 41 coupon events (HFLY)
2026-04-14 16:53:29,460 [INFO] engines.inflow: ISIN BD0934441207: generated 41 coupon events (HFLY)
2026-04-14 16:53:29,489 [INFO] engines.inflow: ISIN BD0934481104: generated 21 coupon events (HFLY)
2026-04-14 16:53:29,505 [INFO] engines.inflow: ISIN BD0934481203: generated 41 coupon events (HFLY)
2026-04-14 16:53:29,547 [INFO] engines.inflow: ISIN BD0934041205: generated 41 coupon events (HFLY)
2026-04-14 16:53:29,593 [INFO] engines.inflow: ISIN BD0934081201: generated 41 coupon events (HFLY)
2026-04-14 16:53:29,628 [INFO] engines.inflow: ISIN BD0934121205: generated 41 coupon events (HFLY)
2026-04-14 16:53:29,665 [INFO] engines.inflow: ISIN BD0934161201: generated 41 coupon events (HFLY)
2026-04-14 16:53:29,709 [INFO] engines.inflow: ISIN BD0934201205: generated 41 coupon events (HFLY)
2026-04-14 16:53:29,752 [INFO] engines.inflow: ISIN BD0935291106: generated 21 coupon events (HFLY)
2026-04-14 16:53:29,772 [INFO] engines.inflow: ISIN BD0935371106: generated 21 coupon events (HFLY)
2026-04-14 16:53:29,800 [INFO] engines.inflow: ISIN BD0935391153: generated 31 coupon events (HFLY)
2026-04-14 16:53:29,822 [INFO] engines.inflow: ISIN BD0935451106: generated 21 coupon events (HFLY)
2026-04-14 16:53:29,852 [INFO] engines.inflow: ISIN BD0935441156: generated 31 coupon events (HFLY)
2026-04-14 16:53:29,879 [INFO] engines.inflow: ISIN BD0935031106: generated 21 coupon events (HFLY)
2026-04-14 16:53:29,898 [INFO] engines.inflow: ISIN BD0935041204: generated 41 coupon events (HFLY)
2026-04-14 16:53:29,933 [INFO] engines.inflow: ISIN BD0935191108: generated 21 coupon events (HFLY)
2026-04-14 16:53:29,947 [INFO] engines.inflow: ISIN BD0935201204: generated 41 coupon events (HFLY)
2026-04-14 16:53:29,988 [INFO] engines.inflow: ISIN BD0936401209: generated 41 coupon events (HFLY)
2026-04-14 16:53:30,016 [INFO] engines.inflow: ISIN BD0936491150: generated 31 coupon events (HFLY)
2026-04-14 16:53:30,043 [INFO] engines.inflow: ISIN BD0937821157: generated 31 coupon events (HFLY)
2026-04-14 16:53:30,065 [INFO] engines.inflow: ISIN BD0937901157: generated 31 coupon events (HFLY)
2026-04-14 16:53:30,095 [INFO] engines.inflow: ISIN BD0938141209: generated 41 coupon events (HFLY)
2026-04-14 16:53:30,130 [INFO] engines.inflow: ISIN BD0939371151: generated 31 coupon events (HFLY)
2026-04-14 16:53:30,152 [INFO] engines.inflow: ISIN BD0939391209: generated 41 coupon events (HFLY)
2026-04-14 16:53:30,193 [INFO] engines.inflow: ISIN BD0940381157: generated 31 coupon events (HFLY)
2026-04-14 16:53:30,218 [INFO] engines.inflow: ISIN BD0940401203: generated 41 coupon events (HFLY)
2026-04-14 16:53:30,261 [INFO] engines.inflow: ISIN BD0940441209: generated 41 coupon events (HFLY)
2026-04-14 16:53:30,294 [INFO] engines.inflow: ISIN BD0940081153: generated 31 coupon events (HFLY)
2026-04-14 16:53:30,321 [INFO] engines.inflow: ISIN BD0941451207: generated 41 coupon events (HFLY)
2026-04-14 16:53:30,352 [INFO] engines.inflow: ISIN BD0942781206: generated 41 coupon events (HFLY)
2026-04-14 16:53:30,382 [INFO] engines.inflow: ISIN BD0942901200: generated 41 coupon events (HFLY)
2026-04-14 16:53:30,412 [INFO] engines.inflow: ISIN BD0942241201: generated 41 coupon events (HFLY)
2026-04-14 16:53:30,441 [INFO] engines.inflow: ISIN BD0943281206: generated 41 coupon events (HFLY)
2026-04-14 16:53:30,490 [INFO] engines.inflow: ISIN BD0944051202: generated 41 coupon events (HFLY)
2026-04-14 16:53:30,531 [INFO] engines.inflow: ISIN BD0945461202: generated 41 coupon events (HFLY)
2026-04-14 16:53:30,574 [INFO] engines.inflow: ISIN BD0945081208: generated 41 coupon events (HFLY)
2026-04-14 16:53:30,609 [INFO] engines.inflow: ISIN BD0927141038: generated 13 coupon events (QRTY)
2026-04-14 16:53:30,617 [INFO] engines.inflow: ISIN BD0927231037: generated 13 coupon events (QRTY)
2026-04-14 16:53:30,636 [INFO] engines.inflow: ISIN BD0928271032: generated 13 coupon events (QRTY)
2026-04-14 16:53:30,648 [INFO] engines.inflow: ISIN BD0928431032: generated 13 coupon events (QRTY)
2026-04-14 16:53:30,663 [INFO] engines.inflow: ISIN BD0928471038: generated 13 coupon events (QRTY)
2026-04-14 16:53:30,681 [INFO] engines.inflow: ISIN BD0928011032: generated 13 coupon events (QRTY)
2026-04-14 16:53:30,696 [INFO] engines.inflow: ISIN BD0928131038: generated 13 coupon events (QRTY)
2026-04-14 16:53:30,714 [INFO] engines.inflow: ISIN BD0929261032: generated 13 coupon events (QRTY)
2026-04-14 16:53:30,825 [INFO] engines.pipeline: Events: 323 maturities, 6930 coupon dates
2026-04-14 16:53:32,885 [INFO] fetchers.auction_live: Playwright: loading https://www.bb.org.bd/en/index.php/monetaryactivity/auc_calendar/1
2026-04-14 16:53:51,986 [WARNING] fetchers.auction_live: Playwright: tables did not appear in 15s
2026-04-14 16:53:52,125 [INFO] fetchers.auction_live: Playwright: fetched 45215 bytes
2026-04-14 16:53:52,149 [INFO] fetchers.auction_live: Found 0 tables on auction calendar page
2026-04-14 16:53:52,149 [INFO] fetchers.auction_live: HTML parse complete: 0 total rows | T-Bill: 0 | T-Bond: 0 | FRTB: 0
2026-04-14 16:53:52,150 [WARNING] fetchers.auction_live: Playwright got HTML but parsed 0 rows — falling back to CSV
2026-04-14 16:53:52,162 [INFO] fetchers.auction_parser: Auction HTML parse from C:\Users\Administrator\Desktop\mm_dashboard\data\seeds\auction_calendar.csv: 81 total rows | T-Bill: 54 | T-Bond: 23 | FRTB: 4
2026-04-14 16:53:52,162 [WARNING] fetchers.auction_live: Using CSV seed only (81 rows). Install Playwright for live: pip install playwright && python -m playwright install chromium
2026-04-14 16:53:52,163 [ERROR] engines.pipeline: Pipeline failed with unhandled exception
Traceback (most recent call last):
  File "C:\Users\Administrator\Desktop\mm_dashboard\engines\pipeline.py", line 301, in run_pipeline
    raw_auctions = fetch_auction_rows(date_from, date_to)
  File "C:\Users\Administrator\Desktop\mm_dashboard\fetchers\auction_live.py", line 372, in fetch_live_auction_rows
    if (not date_from or r["auction_date"] >= date_from.isoformat()[:10])
                         ^^^^^^^^^^^^^^^^^^^^^^^^^^^^^^^^^^^^^^^^^^^^^^^
TypeError: '>=' not supported between instances of 'datetime.date' and 'str'
2026-04-14 16:53:52,165 [INFO] run: Pipeline result: {'securities_fetched': 320, 'securities_in_db': 323, 'securities': 320, 'coupons': 6930, 'maturities': 323, 'auctions': 0, 'daily_rows': 0, 'errors': ["FATAL: '>=' not supported between instances of 'datetime.date' and 'str'"]}
2026-04-14 16:53:52,165 [ERROR] run: Errors: ["FATAL: '>=' not supported between instances of 'datetime.date' and 'str'"]
2026-04-14 16:59:21,572 [INFO] run: Running pipeline: 2026-02-13 to 2027-04-14
2026-04-14 16:59:21,634 [INFO] db: Database initialised at C:\Users\Administrator\Desktop\mm_dashboard\data\mm_dashboard.db
2026-04-14 16:59:21,675 [INFO] calendar_utils: Holiday calendar loaded: 10 public holidays
2026-04-14 16:59:21,676 [INFO] engines.pipeline: Loaded 10 holidays
2026-04-14 16:59:21,677 [INFO] fetchers.gsom: Fetching T_BOND from https://gsom.bb.org.bd/mtm.php
2026-04-14 16:59:24,942 [INFO] fetchers.http_client: Fetched https://gsom.bb.org.bd/mtm.php (311030 bytes)
2026-04-14 16:59:24,944 [INFO] fetchers.gsom: Fetched T_BOND: 311030 bytes
2026-04-14 16:59:25,171 [INFO] parsers.securities: Parsed 225 rows from https://gsom.bb.org.bd/mtm.php
2026-04-14 16:59:25,172 [INFO] engines.pipeline: GSOM T_BOND: fetched 225 rows from https://gsom.bb.org.bd/mtm.php
2026-04-14 16:59:25,172 [INFO] fetchers.gsom: Fetching FRTB from https://gsom.bb.org.bd/mtm-frtb.php
2026-04-14 16:59:26,327 [INFO] fetchers.http_client: Fetched https://gsom.bb.org.bd/mtm-frtb.php (19937 bytes)
2026-04-14 16:59:26,329 [INFO] fetchers.gsom: Fetched FRTB: 19937 bytes
2026-04-14 16:59:26,345 [INFO] parsers.securities: Parsed 8 rows from https://gsom.bb.org.bd/mtm-frtb.php
2026-04-14 16:59:26,345 [INFO] engines.pipeline: GSOM FRTB: fetched 8 rows from https://gsom.bb.org.bd/mtm-frtb.php
2026-04-14 16:59:26,345 [INFO] fetchers.gsom: Fetching T_BILL from https://gsom.bb.org.bd/mtm-bill.php
2026-04-14 16:59:27,464 [INFO] fetchers.http_client: Fetched https://gsom.bb.org.bd/mtm-bill.php (97038 bytes)
2026-04-14 16:59:27,467 [INFO] fetchers.gsom: Fetched T_BILL: 97038 bytes
2026-04-14 16:59:27,535 [INFO] parsers.securities: Parsed 87 T-Bill rows from https://gsom.bb.org.bd/mtm-bill.php
2026-04-14 16:59:27,536 [INFO] engines.pipeline: GSOM T_BILL: fetched 87 rows from https://gsom.bb.org.bd/mtm-bill.php
2026-04-14 16:59:27,536 [INFO] engines.pipeline: GSOM total: 320 securities fetched across all pages
2026-04-14 16:59:27,764 [INFO] engines.pipeline: Regenerating events for 323 securities in DB
2026-04-14 16:59:27,767 [WARNING] engines.inflow: ISIN BD0926341159: missing ['next_coupon_date'] — cannot generate coupon schedule
2026-04-14 16:59:27,771 [INFO] engines.inflow: ISIN BD0926421027: generated 5 coupon events (HFLY)
2026-04-14 16:59:27,779 [INFO] engines.inflow: ISIN BD0926381155: generated 31 coupon events (HFLY)
2026-04-14 16:59:27,808 [INFO] engines.inflow: ISIN BD0926461023: generated 5 coupon events (HFLY)
2026-04-14 16:59:27,814 [INFO] engines.inflow: ISIN BD0926421159: generated 31 coupon events (HFLY)
2026-04-14 16:59:27,842 [INFO] engines.inflow: ISIN BD0926431059: generated 11 coupon events (HFLY)
2026-04-14 16:59:27,856 [INFO] engines.inflow: ISIN BD0926021108: generated 21 coupon events (HFLY)
2026-04-14 16:59:27,878 [INFO] engines.inflow: ISIN BD0926061021: generated 5 coupon events (HFLY)
2026-04-14 16:59:27,887 [INFO] engines.inflow: ISIN BD0926071152: generated 31 coupon events (HFLY)
2026-04-14 16:59:27,918 [INFO] engines.inflow: ISIN BD0926541055: generated 11 coupon events (HFLY)
2026-04-14 16:59:27,928 [INFO] engines.inflow: ISIN BD0926111156: generated 31 coupon events (HFLY)
2026-04-14 16:59:27,953 [INFO] engines.inflow: ISIN BD0926141021: generated 5 coupon events (HFLY)
2026-04-14 16:59:27,963 [INFO] engines.inflow: ISIN BD0926151152: generated 31 coupon events (HFLY)
2026-04-14 16:59:28,001 [INFO] engines.inflow: ISIN BD0926191026: generated 5 coupon events (HFLY)
2026-04-14 16:59:28,011 [INFO] engines.inflow: ISIN BD0926601057: generated 11 coupon events (HFLY)
2026-04-14 16:59:28,025 [INFO] engines.inflow: ISIN BD0926191158: generated 31 coupon events (HFLY)
2026-04-14 16:59:28,061 [INFO] engines.inflow: ISIN BD0926231152: generated 31 coupon events (HFLY)
2026-04-14 16:59:28,084 [INFO] engines.inflow: ISIN BD0927271025: generated 5 coupon events (HFLY)
2026-04-14 16:59:28,093 [INFO] engines.inflow: ISIN BD0927271157: generated 31 coupon events (HFLY)
2026-04-14 16:59:28,121 [INFO] engines.inflow: ISIN BD0927251100: generated 21 coupon events (HFLY)
2026-04-14 16:59:28,145 [INFO] engines.inflow: ISIN BD0927311029: generated 5 coupon events (HFLY)
2026-04-14 16:59:28,151 [INFO] engines.inflow: ISIN BD0927311151: generated 31 coupon events (HFLY)
2026-04-14 16:59:28,177 [INFO] engines.inflow: ISIN BD0927351025: generated 5 coupon events (HFLY)
2026-04-14 16:59:28,186 [INFO] engines.inflow: ISIN BD0927761058: generated 11 coupon events (HFLY)
2026-04-14 16:59:28,201 [INFO] engines.inflow: ISIN BD0927351157: generated 31 coupon events (HFLY)
2026-04-14 16:59:28,222 [INFO] engines.inflow: ISIN BD0927391021: generated 5 coupon events (HFLY)
2026-04-14 16:59:28,235 [INFO] engines.inflow: ISIN BD0927391153: generated 31 coupon events (HFLY)
2026-04-14 16:59:28,261 [INFO] engines.inflow: ISIN BD0927431025: generated 5 coupon events (HFLY)
2026-04-14 16:59:28,270 [INFO] engines.inflow: ISIN BD0927841058: generated 11 coupon events (HFLY)
2026-04-14 16:59:28,279 [INFO] engines.inflow: ISIN BD0927431157: generated 31 coupon events (HFLY)
2026-04-14 16:59:28,306 [INFO] engines.inflow: ISIN BD0927471021: generated 5 coupon events (HFLY)
2026-04-14 16:59:28,315 [INFO] engines.inflow: ISIN BD0927471153: generated 31 coupon events (HFLY)
2026-04-14 16:59:28,339 [INFO] engines.inflow: ISIN BD0927011025: generated 5 coupon events (HFLY)
2026-04-14 16:59:28,347 [INFO] engines.inflow: ISIN BD0927021057: generated 11 coupon events (HFLY)
2026-04-14 16:59:28,361 [INFO] engines.inflow: ISIN BD0927031155: generated 31 coupon events (HFLY)
2026-04-14 16:59:28,387 [INFO] engines.inflow: ISIN BD0927041204: generated 41 coupon events (HFLY)
2026-04-14 16:59:28,424 [INFO] engines.inflow: ISIN BD0927081200: generated 40 coupon events (HFLY)
2026-04-14 16:59:28,455 [INFO] engines.inflow: ISIN BD0927091027: generated 5 coupon events (HFLY)
2026-04-14 16:59:28,460 [INFO] engines.inflow: ISIN BD0927111155: generated 31 coupon events (HFLY)
2026-04-14 16:59:28,490 [INFO] engines.inflow: ISIN BD0927121204: generated 41 coupon events (HFLY)
2026-04-14 16:59:28,526 [INFO] engines.inflow: ISIN BD0927151151: generated 31 coupon events (HFLY)
2026-04-14 16:59:28,559 [INFO] engines.inflow: ISIN BD0927101107: generated 21 coupon events (HFLY)
2026-04-14 16:59:28,577 [INFO] engines.inflow: ISIN BD0927161200: generated 41 coupon events (HFLY)
2026-04-14 16:59:28,618 [INFO] engines.inflow: ISIN BD0927171027: generated 5 coupon events (HFLY)
2026-04-14 16:59:28,626 [INFO] engines.inflow: ISIN BD0927181059: generated 11 coupon events (HFLY)
2026-04-14 16:59:28,640 [INFO] engines.inflow: ISIN BD0927191157: generated 31 coupon events (HFLY)
2026-04-14 16:59:28,678 [INFO] engines.inflow: ISIN BD0927201204: generated 41 coupon events (HFLY)
2026-04-14 16:59:28,709 [INFO] engines.inflow: ISIN BD0927231151: generated 31 coupon events (HFLY)
2026-04-14 16:59:28,732 [INFO] engines.inflow: ISIN BD0927241200: generated 41 coupon events (HFLY)
2026-04-14 16:59:28,787 [INFO] engines.inflow: ISIN BD0928261058: generated 11 coupon events (HFLY)
2026-04-14 16:59:28,795 [INFO] engines.inflow: ISIN BD0928271156: generated 31 coupon events (HFLY)
2026-04-14 16:59:28,824 [INFO] engines.inflow: ISIN BD0928281205: generated 41 coupon events (HFLY)
2026-04-14 16:59:28,861 [INFO] engines.inflow: ISIN BD0928311150: generated 31 coupon events (HFLY)
2026-04-14 16:59:28,890 [INFO] engines.inflow: ISIN BD0928321209: generated 41 coupon events (HFLY)
2026-04-14 16:59:28,930 [INFO] engines.inflow: ISIN BD0928351156: generated 31 coupon events (HFLY)
2026-04-14 16:59:28,966 [INFO] engines.inflow: ISIN BD0928361205: generated 41 coupon events (HFLY)
2026-04-14 16:59:29,007 [INFO] engines.inflow: ISIN BD0928381054: generated 11 coupon events (HFLY)
2026-04-14 16:59:29,024 [INFO] engines.inflow: ISIN BD0928391152: generated 31 coupon events (HFLY)
2026-04-14 16:59:29,077 [INFO] engines.inflow: ISIN BD0928401209: generated 41 coupon events (HFLY)
2026-04-14 16:59:29,163 [INFO] engines.inflow: ISIN BD0928431156: generated 31 coupon events (HFLY)
2026-04-14 16:59:29,215 [INFO] engines.inflow: ISIN BD0928441205: generated 41 coupon events (HFLY)
2026-04-14 16:59:29,281 [INFO] engines.inflow: ISIN BD0928461054: generated 11 coupon events (HFLY)
2026-04-14 16:59:29,310 [INFO] engines.inflow: ISIN BD0928471152: generated 31 coupon events (HFLY)
2026-04-14 16:59:29,359 [INFO] engines.inflow: ISIN BD0928331109: generated 21 coupon events (HFLY)
2026-04-14 16:59:29,392 [INFO] engines.inflow: ISIN BD0928481201: generated 41 coupon events (HFLY)
2026-04-14 16:59:29,445 [INFO] engines.inflow: ISIN BD0928041203: generated 41 coupon events (HFLY)
2026-04-14 16:59:29,498 [INFO] engines.inflow: ISIN BD0928041153: generated 31 coupon events (HFLY)
2026-04-14 16:59:29,522 [INFO] engines.inflow: ISIN BD0928061052: generated 11 coupon events (HFLY)
2026-04-14 16:59:29,532 [INFO] engines.inflow: ISIN BD0928081209: generated 41 coupon events (HFLY)
2026-04-14 16:59:29,574 [INFO] engines.inflow: ISIN BD0928081159: generated 30 coupon events (HFLY)
2026-04-14 16:59:29,610 [INFO] engines.inflow: ISIN BD0928101056: generated 11 coupon events (HFLY)
2026-04-14 16:59:29,630 [INFO] engines.inflow: ISIN BD0928121203: generated 41 coupon events (HFLY)
2026-04-14 16:59:29,675 [INFO] engines.inflow: ISIN BD0928121153: generated 31 coupon events (HFLY)
2026-04-14 16:59:29,701 [INFO] engines.inflow: ISIN BD0928161159: generated 31 coupon events (HFLY)
2026-04-14 16:59:29,727 [INFO] engines.inflow: ISIN BD0928161209: generated 41 coupon events (HFLY)
2026-04-14 16:59:29,806 [INFO] engines.inflow: ISIN BD0928181058: generated 11 coupon events (HFLY)
2026-04-14 16:59:29,825 [INFO] engines.inflow: ISIN BD0928131103: generated 21 coupon events (HFLY)
2026-04-14 16:59:29,866 [INFO] engines.inflow: ISIN BD0928201203: generated 41 coupon events (HFLY)
2026-04-14 16:59:29,923 [INFO] engines.inflow: ISIN BD0928201153: generated 31 coupon events (HFLY)
2026-04-14 16:59:29,970 [INFO] engines.inflow: ISIN BD0928221052: generated 11 coupon events (HFLY)
2026-04-14 16:59:29,983 [INFO] engines.inflow: ISIN BD0928241209: generated 41 coupon events (HFLY)
2026-04-14 16:59:30,032 [INFO] engines.inflow: ISIN BD0928241159: generated 31 coupon events (HFLY)
2026-04-14 16:59:30,051 [INFO] engines.inflow: ISIN BD0929281204: generated 41 coupon events (HFLY)
2026-04-14 16:59:30,094 [INFO] engines.inflow: ISIN BD0929281154: generated 31 coupon events (HFLY)
2026-04-14 16:59:30,123 [INFO] engines.inflow: ISIN BD0929321208: generated 41 coupon events (HFLY)
2026-04-14 16:59:30,160 [INFO] engines.inflow: ISIN BD0929321158: generated 31 coupon events (HFLY)
2026-04-14 16:59:30,189 [INFO] engines.inflow: ISIN BD0929361204: generated 41 coupon events (HFLY)
2026-04-14 16:59:30,232 [INFO] engines.inflow: ISIN BD0929361154: generated 31 coupon events (HFLY)
2026-04-14 16:59:30,275 [INFO] engines.inflow: ISIN BD0929401059: generated 11 coupon events (HFLY)
2026-04-14 16:59:30,285 [INFO] engines.inflow: ISIN BD0929311100: generated 21 coupon events (HFLY)
2026-04-14 16:59:30,312 [INFO] engines.inflow: ISIN BD0929401158: generated 31 coupon events (HFLY)
2026-04-14 16:59:30,348 [INFO] engines.inflow: ISIN BD0929401208: generated 41 coupon events (HFLY)
2026-04-14 16:59:30,411 [INFO] engines.inflow: ISIN BD0929431056: generated 11 coupon events (HFLY)
2026-04-14 16:59:30,420 [INFO] engines.inflow: ISIN BD0929441204: generated 41 coupon events (HFLY)
2026-04-14 16:59:30,459 [INFO] engines.inflow: ISIN BD0929441154: generated 31 coupon events (HFLY)
2026-04-14 16:59:30,477 [INFO] engines.inflow: ISIN BD0929381103: generated 21 coupon events (HFLY)
2026-04-14 16:59:30,502 [INFO] engines.inflow: ISIN BD0929481200: generated 41 coupon events (HFLY)
2026-04-14 16:59:30,539 [INFO] engines.inflow: ISIN BD0929481150: generated 31 coupon events (HFLY)
2026-04-14 16:59:30,570 [INFO] engines.inflow: ISIN BD0929041152: generated 31 coupon events (HFLY)
2026-04-14 16:59:30,600 [INFO] engines.inflow: ISIN BD0929041202: generated 41 coupon events (HFLY)
2026-04-14 16:59:30,626 [INFO] engines.inflow: ISIN BD0929061101: generated 21 coupon events (HFLY)
2026-04-14 16:59:30,649 [INFO] engines.inflow: ISIN BD0929081208: generated 41 coupon events (HFLY)
2026-04-14 16:59:30,685 [INFO] engines.inflow: ISIN BD0929081158: generated 31 coupon events (HFLY)
2026-04-14 16:59:30,714 [INFO] engines.inflow: ISIN BD0929121152: generated 31 coupon events (HFLY)
2026-04-14 16:59:30,744 [INFO] engines.inflow: ISIN BD0929151050: generated 11 coupon events (HFLY)
2026-04-14 16:59:30,757 [INFO] engines.inflow: ISIN BD0929161208: generated 41 coupon events (HFLY)
2026-04-14 16:59:30,789 [INFO] engines.inflow: ISIN BD0929161158: generated 31 coupon events (HFLY)
2026-04-14 16:59:30,811 [INFO] engines.inflow: ISIN BD0929201152: generated 31 coupon events (HFLY)
2026-04-14 16:59:30,837 [INFO] engines.inflow: ISIN BD0929241059: generated 11 coupon events (HFLY)
2026-04-14 16:59:30,854 [INFO] engines.inflow: ISIN BD0929221101: generated 21 coupon events (HFLY)
2026-04-14 16:59:30,878 [INFO] engines.inflow: ISIN BD0929201202: generated 41 coupon events (HFLY)
2026-04-14 16:59:30,904 [INFO] engines.inflow: ISIN BD0930261104: generated 21 coupon events (HFLY)
2026-04-14 16:59:30,928 [INFO] engines.inflow: ISIN BD0930321056: generated 11 coupon events (HFLY)
2026-04-14 16:59:30,938 [INFO] engines.inflow: ISIN BD0930251204: generated 41 coupon events (HFLY)
2026-04-14 16:59:30,982 [INFO] engines.inflow: ISIN BD0930281201: generated 41 coupon events (HFLY)
2026-04-14 16:59:31,013 [INFO] engines.inflow: ISIN BD0930401056: generated 11 coupon events (HFLY)
2026-04-14 16:59:31,022 [INFO] engines.inflow: ISIN BD0930321205: generated 41 coupon events (HFLY)
2026-04-14 16:59:31,054 [INFO] engines.inflow: ISIN BD0930381100: generated 21 coupon events (HFLY)
2026-04-14 16:59:31,072 [INFO] engines.inflow: ISIN BD0930361201: generated 41 coupon events (HFLY)
2026-04-14 16:59:31,125 [INFO] engines.inflow: ISIN BD0930431103: generated 21 coupon events (HFLY)
2026-04-14 16:59:31,148 [INFO] engines.inflow: ISIN BD0930481058: generated 11 coupon events (HFLY)
2026-04-14 16:59:31,173 [INFO] engines.inflow: ISIN BD0930401205: generated 41 coupon events (HFLY)
2026-04-14 16:59:31,214 [INFO] engines.inflow: ISIN BD0930031101: generated 21 coupon events (HFLY)
2026-04-14 16:59:31,239 [INFO] engines.inflow: ISIN BD0930041209: generated 41 coupon events (HFLY)
2026-04-14 16:59:31,278 [INFO] engines.inflow: ISIN BD0930041159: generated 31 coupon events (HFLY)
2026-04-14 16:59:31,313 [INFO] engines.inflow: ISIN BD0930081205: generated 41 coupon events (HFLY)
2026-04-14 16:59:31,340 [INFO] engines.inflow: ISIN BD0930101052: generated 11 coupon events (HFLY)
2026-04-14 16:59:31,353 [INFO] engines.inflow: ISIN BD0930121159: generated 31 coupon events (HFLY)
2026-04-14 16:59:31,393 [INFO] engines.inflow: ISIN BD0930121209: generated 41 coupon events (HFLY)
2026-04-14 16:59:31,421 [INFO] engines.inflow: ISIN BD0930141108: generated 21 coupon events (HFLY)
2026-04-14 16:59:31,438 [INFO] engines.inflow: ISIN BD0930161205: generated 41 coupon events (HFLY)
2026-04-14 16:59:31,481 [INFO] engines.inflow: ISIN BD0930201209: generated 41 coupon events (HFLY)
2026-04-14 16:59:31,510 [INFO] engines.inflow: ISIN BD0930211059: generated 11 coupon events (HFLY)
2026-04-14 16:59:31,519 [INFO] engines.inflow: ISIN BD0930241205: generated 41 coupon events (HFLY)
2026-04-14 16:59:31,556 [INFO] engines.inflow: ISIN BD0931281200: generated 41 coupon events (HFLY)
2026-04-14 16:59:31,584 [INFO] engines.inflow: ISIN BD0931301107: generated 21 coupon events (HFLY)
2026-04-14 16:59:31,596 [INFO] engines.inflow: ISIN BD0931321204: generated 41 coupon events (HFLY)
2026-04-14 16:59:31,635 [INFO] engines.inflow: ISIN BD0931361200: generated 41 coupon events (HFLY)
2026-04-14 16:59:31,670 [INFO] engines.inflow: ISIN BD0931401204: generated 41 coupon events (HFLY)
2026-04-14 16:59:31,706 [INFO] engines.inflow: ISIN BD0931401154: generated 31 coupon events (HFLY)
2026-04-14 16:59:31,739 [INFO] engines.inflow: ISIN BD0931401105: generated 21 coupon events (HFLY)
2026-04-14 16:59:31,760 [INFO] engines.inflow: ISIN BD0931441200: generated 41 coupon events (HFLY)
2026-04-14 16:59:31,800 [INFO] engines.inflow: ISIN BD0931471207: generated 41 coupon events (HFLY)
2026-04-14 16:59:31,833 [INFO] engines.inflow: ISIN BD0931481107: generated 21 coupon events (HFLY)
2026-04-14 16:59:31,856 [INFO] engines.inflow: ISIN BD0931041208: generated 41 coupon events (HFLY)
2026-04-14 16:59:31,893 [INFO] engines.inflow: ISIN BD0931081204: generated 41 coupon events (HFLY)
2026-04-14 16:59:31,926 [INFO] engines.inflow: ISIN BD0931121208: generated 41 coupon events (HFLY)
2026-04-14 16:59:31,968 [INFO] engines.inflow: ISIN BD0931561106: generated 21 coupon events (HFLY)
2026-04-14 16:59:31,996 [INFO] engines.inflow: ISIN BD0931161204: generated 41 coupon events (HFLY)
2026-04-14 16:59:32,025 [INFO] engines.inflow: ISIN BD0931201208: generated 41 coupon events (HFLY)
2026-04-14 16:59:32,058 [INFO] engines.inflow: ISIN BD0931241204: generated 41 coupon events (HFLY)
2026-04-14 16:59:32,089 [INFO] engines.inflow: ISIN BD0932691100: generated 21 coupon events (HFLY)
2026-04-14 16:59:32,105 [INFO] engines.inflow: ISIN BD0932281209: generated 41 coupon events (HFLY)
2026-04-14 16:59:32,147 [INFO] engines.inflow: ISIN BD0932321203: generated 40 coupon events (HFLY)
2026-04-14 16:59:32,175 [INFO] engines.inflow: ISIN BD0932361209: generated 41 coupon events (HFLY)
2026-04-14 16:59:32,212 [INFO] engines.inflow: ISIN BD0932401203: generated 41 coupon events (HFLY)
2026-04-14 16:59:32,246 [INFO] engines.inflow: ISIN BD0932851100: generated 21 coupon events (HFLY)
2026-04-14 16:59:32,274 [INFO] engines.inflow: ISIN BD0932441209: generated 41 coupon events (HFLY)
2026-04-14 16:59:32,313 [INFO] engines.inflow: ISIN BD0932891106: generated 21 coupon events (HFLY)
2026-04-14 16:59:32,332 [INFO] engines.inflow: ISIN BD0932481205: generated 41 coupon events (HFLY)
2026-04-14 16:59:32,363 [INFO] engines.inflow: ISIN BD0932041207: generated 41 coupon events (HFLY)
2026-04-14 16:59:32,403 [INFO] engines.inflow: ISIN BD0932081203: generated 40 coupon events (HFLY)
2026-04-14 16:59:32,437 [INFO] engines.inflow: ISIN BD0932111109: generated 21 coupon events (HFLY)
2026-04-14 16:59:32,461 [INFO] engines.inflow: ISIN BD0932121207: generated 41 coupon events (HFLY)
2026-04-14 16:59:32,490 [INFO] engines.inflow: ISIN BD0932161203: generated 41 coupon events (HFLY)
2026-04-14 16:59:32,529 [INFO] engines.inflow: ISIN BD0932201207: generated 41 coupon events (HFLY)
2026-04-14 16:59:32,562 [INFO] engines.inflow: ISIN BD0932231105: generated 21 coupon events (HFLY)
2026-04-14 16:59:32,575 [INFO] engines.inflow: ISIN BD0932241203: generated 41 coupon events (HFLY)
2026-04-14 16:59:32,610 [INFO] engines.inflow: ISIN BD0933281208: generated 41 coupon events (HFLY)
2026-04-14 16:59:32,641 [INFO] engines.inflow: ISIN BD0933321202: generated 41 coupon events (HFLY)
2026-04-14 16:59:32,672 [INFO] engines.inflow: ISIN BD0933351100: generated 21 coupon events (HFLY)
2026-04-14 16:59:32,696 [INFO] engines.inflow: ISIN BD0933361208: generated 41 coupon events (HFLY)
2026-04-14 16:59:32,735 [INFO] engines.inflow: ISIN BD0933401202: generated 41 coupon events (HFLY)
2026-04-14 16:59:32,769 [INFO] engines.inflow: ISIN BD0933441208: generated 41 coupon events (HFLY)
2026-04-14 16:59:32,804 [INFO] engines.inflow: ISIN BD0933481204: generated 41 coupon events (HFLY)
2026-04-14 16:59:32,831 [INFO] engines.inflow: ISIN BD0933041206: generated 41 coupon events (HFLY)
2026-04-14 16:59:32,860 [INFO] engines.inflow: ISIN BD0933071104: generated 21 coupon events (HFLY)
2026-04-14 16:59:32,874 [INFO] engines.inflow: ISIN BD0933081202: generated 40 coupon events (HFLY)
2026-04-14 16:59:32,908 [INFO] engines.inflow: ISIN BD0933121206: generated 41 coupon events (HFLY)
2026-04-14 16:59:32,943 [INFO] engines.inflow: ISIN BD0933101158: generated 31 coupon events (HFLY)
2026-04-14 16:59:32,972 [INFO] engines.inflow: ISIN BD0933161202: generated 41 coupon events (HFLY)
2026-04-14 16:59:33,013 [INFO] engines.inflow: ISIN BD0933201206: generated 41 coupon events (HFLY)
2026-04-14 16:59:33,046 [INFO] engines.inflow: ISIN BD0933141154: generated 31 coupon events (HFLY)
2026-04-14 16:59:33,070 [INFO] engines.inflow: ISIN BD0933241202: generated 41 coupon events (HFLY)
2026-04-14 16:59:33,103 [INFO] engines.inflow: ISIN BD0934281207: generated 41 coupon events (HFLY)
2026-04-14 16:59:33,142 [INFO] engines.inflow: ISIN BD0934311103: generated 21 coupon events (HFLY)
2026-04-14 16:59:33,159 [INFO] engines.inflow: ISIN BD0934321201: generated 41 coupon events (HFLY)
2026-04-14 16:59:33,190 [INFO] engines.inflow: ISIN BD0934361207: generated 41 coupon events (HFLY)
2026-04-14 16:59:33,217 [INFO] engines.inflow: ISIN BD0934401102: generated 21 coupon events (HFLY)
2026-04-14 16:59:33,236 [INFO] engines.inflow: ISIN BD0934401201: generated 41 coupon events (HFLY)
2026-04-14 16:59:33,275 [INFO] engines.inflow: ISIN BD0934441207: generated 41 coupon events (HFLY)
2026-04-14 16:59:33,312 [INFO] engines.inflow: ISIN BD0934481104: generated 21 coupon events (HFLY)
2026-04-14 16:59:33,338 [INFO] engines.inflow: ISIN BD0934481203: generated 41 coupon events (HFLY)
2026-04-14 16:59:33,370 [INFO] engines.inflow: ISIN BD0934041205: generated 41 coupon events (HFLY)
2026-04-14 16:59:33,408 [INFO] engines.inflow: ISIN BD0934081201: generated 41 coupon events (HFLY)
2026-04-14 16:59:33,450 [INFO] engines.inflow: ISIN BD0934121205: generated 41 coupon events (HFLY)
2026-04-14 16:59:33,499 [INFO] engines.inflow: ISIN BD0934161201: generated 41 coupon events (HFLY)
2026-04-14 16:59:33,532 [INFO] engines.inflow: ISIN BD0934201205: generated 41 coupon events (HFLY)
2026-04-14 16:59:33,564 [INFO] engines.inflow: ISIN BD0935291106: generated 21 coupon events (HFLY)
2026-04-14 16:59:33,577 [INFO] engines.inflow: ISIN BD0935371106: generated 21 coupon events (HFLY)
2026-04-14 16:59:33,673 [INFO] engines.inflow: ISIN BD0935391153: generated 31 coupon events (HFLY)
2026-04-14 16:59:33,772 [INFO] engines.inflow: ISIN BD0935451106: generated 21 coupon events (HFLY)
2026-04-14 16:59:33,857 [INFO] engines.inflow: ISIN BD0935441156: generated 31 coupon events (HFLY)
2026-04-14 16:59:33,904 [INFO] engines.inflow: ISIN BD0935031106: generated 21 coupon events (HFLY)
2026-04-14 16:59:33,924 [INFO] engines.inflow: ISIN BD0935041204: generated 41 coupon events (HFLY)
2026-04-14 16:59:33,967 [INFO] engines.inflow: ISIN BD0935191108: generated 21 coupon events (HFLY)
2026-04-14 16:59:33,990 [INFO] engines.inflow: ISIN BD0935201204: generated 41 coupon events (HFLY)
2026-04-14 16:59:34,020 [INFO] engines.inflow: ISIN BD0936401209: generated 41 coupon events (HFLY)
2026-04-14 16:59:34,060 [INFO] engines.inflow: ISIN BD0936491150: generated 31 coupon events (HFLY)
2026-04-14 16:59:34,086 [INFO] engines.inflow: ISIN BD0937821157: generated 31 coupon events (HFLY)
2026-04-14 16:59:34,109 [INFO] engines.inflow: ISIN BD0937901157: generated 31 coupon events (HFLY)
2026-04-14 16:59:34,137 [INFO] engines.inflow: ISIN BD0938141209: generated 41 coupon events (HFLY)
2026-04-14 16:59:34,177 [INFO] engines.inflow: ISIN BD0939371151: generated 31 coupon events (HFLY)
2026-04-14 16:59:34,204 [INFO] engines.inflow: ISIN BD0939391209: generated 41 coupon events (HFLY)
2026-04-14 16:59:34,240 [INFO] engines.inflow: ISIN BD0940381157: generated 31 coupon events (HFLY)
2026-04-14 16:59:34,265 [INFO] engines.inflow: ISIN BD0940401203: generated 41 coupon events (HFLY)
2026-04-14 16:59:34,311 [INFO] engines.inflow: ISIN BD0940441209: generated 41 coupon events (HFLY)
2026-04-14 16:59:34,357 [INFO] engines.inflow: ISIN BD0940081153: generated 31 coupon events (HFLY)
2026-04-14 16:59:34,385 [INFO] engines.inflow: ISIN BD0941451207: generated 41 coupon events (HFLY)
2026-04-14 16:59:34,416 [INFO] engines.inflow: ISIN BD0942781206: generated 41 coupon events (HFLY)
2026-04-14 16:59:34,446 [INFO] engines.inflow: ISIN BD0942901200: generated 41 coupon events (HFLY)
2026-04-14 16:59:34,479 [INFO] engines.inflow: ISIN BD0942241201: generated 41 coupon events (HFLY)
2026-04-14 16:59:34,512 [INFO] engines.inflow: ISIN BD0943281206: generated 41 coupon events (HFLY)
2026-04-14 16:59:34,546 [INFO] engines.inflow: ISIN BD0944051202: generated 41 coupon events (HFLY)
2026-04-14 16:59:34,578 [INFO] engines.inflow: ISIN BD0945461202: generated 41 coupon events (HFLY)
2026-04-14 16:59:34,619 [INFO] engines.inflow: ISIN BD0945081208: generated 41 coupon events (HFLY)
2026-04-14 16:59:34,652 [INFO] engines.inflow: ISIN BD0927141038: generated 13 coupon events (QRTY)
2026-04-14 16:59:34,668 [INFO] engines.inflow: ISIN BD0927231037: generated 13 coupon events (QRTY)
2026-04-14 16:59:34,681 [INFO] engines.inflow: ISIN BD0928271032: generated 13 coupon events (QRTY)
2026-04-14 16:59:34,693 [INFO] engines.inflow: ISIN BD0928431032: generated 13 coupon events (QRTY)
2026-04-14 16:59:34,709 [INFO] engines.inflow: ISIN BD0928471038: generated 13 coupon events (QRTY)
2026-04-14 16:59:34,723 [INFO] engines.inflow: ISIN BD0928011032: generated 13 coupon events (QRTY)
2026-04-14 16:59:34,736 [INFO] engines.inflow: ISIN BD0928131038: generated 13 coupon events (QRTY)
2026-04-14 16:59:34,778 [INFO] engines.inflow: ISIN BD0929261032: generated 13 coupon events (QRTY)
2026-04-14 16:59:35,007 [INFO] engines.pipeline: Events: 323 maturities, 6930 coupon dates
2026-04-14 16:59:36,746 [INFO] fetchers.auction_live: Playwright: loading https://www.bb.org.bd/en/index.php/monetaryactivity/auc_calendar/1
2026-04-14 16:59:55,512 [WARNING] fetchers.auction_live: Playwright: tables did not appear in 15s
2026-04-14 16:59:55,635 [INFO] fetchers.auction_live: Playwright: fetched 51003 bytes
2026-04-14 16:59:55,656 [INFO] fetchers.auction_live: Found 0 tables on auction calendar page
2026-04-14 16:59:55,656 [INFO] fetchers.auction_live: HTML parse complete: 0 total rows | T-Bill: 0 | T-Bond: 0 | FRTB: 0
2026-04-14 16:59:55,657 [WARNING] fetchers.auction_live: Playwright got HTML but parsed 0 rows — falling back to CSV
2026-04-14 16:59:55,667 [INFO] fetchers.auction_parser: Auction HTML parse from C:\Users\Administrator\Desktop\mm_dashboard\data\seeds\auction_calendar.csv: 81 total rows | T-Bill: 54 | T-Bond: 23 | FRTB: 4
2026-04-14 16:59:55,667 [WARNING] fetchers.auction_live: Using CSV seed only (81 rows). Install Playwright for live: pip install playwright && python -m playwright install chromium
2026-04-14 16:59:55,667 [ERROR] engines.pipeline: Pipeline failed with unhandled exception
Traceback (most recent call last):
  File "C:\Users\Administrator\Desktop\mm_dashboard\engines\pipeline.py", line 301, in run_pipeline
    raw_auctions = fetch_auction_rows(date_from, date_to)
  File "C:\Users\Administrator\Desktop\mm_dashboard\fetchers\auction_live.py", line 372, in fetch_live_auction_rows
    if (not date_from or r["auction_date"] >= date_from.isoformat()[:10])
                         ^^^^^^^^^^^^^^^^^^^^^^^^^^^^^^^^^^^^^^^^^^^^^^^
TypeError: '>=' not supported between instances of 'datetime.date' and 'str'
2026-04-14 16:59:55,669 [INFO] run: Pipeline result: {'securities_fetched': 320, 'securities_in_db': 323, 'securities': 320, 'coupons': 6930, 'maturities': 323, 'auctions': 0, 'daily_rows': 0, 'errors': ["FATAL: '>=' not supported between instances of 'datetime.date' and 'str'"]}
2026-04-14 16:59:55,670 [ERROR] run: Errors: ["FATAL: '>=' not supported between instances of 'datetime.date' and 'str'"]
